date,RV
2018-06-02,19.311340430287576
2018-06-03,17.80724364323287
2018-06-04,24.376011817277977
2018-06-05,30.512070602713
2018-06-06,20.780473592320696
2018-06-07,12.95285921481511
2018-06-08,11.477023517513397
2018-06-09,7.5475776537238595
2018-06-10,47.907209033452034
2018-06-11,40.6869273450735
2018-06-12,41.40505912003064
2018-06-13,76.43974642926334
2018-06-14,116.10037654476663
2018-06-15,33.44773036064212
2018-06-16,14.42100759082314
2018-06-17,8.573212854084694
2018-06-18,25.1858711654407
2018-06-19,14.340852047587102
2018-06-20,19.40629925059709
2018-06-21,10.658279143776102
2018-06-22,38.87213902770108
2018-06-23,33.810917540532756
2018-06-24,70.71481796231767
2018-06-25,38.377820331534316
2018-06-28,10.619413242020615
2018-06-29,29.871593881129442
2018-06-30,53.81702560833001
2018-07-01,39.6691962231085
2018-07-02,47.04678982955247
2018-07-03,32.484578388265916
2018-07-05,27.193155802176353
2018-07-06,20.870410815891734
2018-07-07,10.184705295805822
2018-07-08,18.918341309298704
2018-07-09,10.529720941993524
2018-07-10,26.497527440337397
2018-07-11,31.867872795726797
2018-07-12,13.824346115042358
2018-07-13,62.51191786073788
2018-07-14,23.3737285718265
2018-07-15,13.263572519855241
2018-07-16,25.469023346533106
2018-07-17,47.10106206463496
2018-07-18,97.58001369471503
2018-07-19,80.91159563506375
2018-07-20,79.5834823702746
2018-07-21,49.03986269275917
2018-07-22,35.853616510098945
2018-07-23,56.02139534288416
2018-07-24,57.27897423463692
2018-07-25,27.51775193232202
2018-07-26,14.372549793817317
2018-07-27,38.439844870836076
2018-07-28,16.15747565483349
2018-07-29,7.081427688630613
2018-07-30,27.182036627360407
2018-07-31,29.331013389487495
2018-08-01,30.456228373992555
2018-08-02,29.35835128888563
2018-08-03,40.279144064715666
2018-08-04,29.135484954062004
2018-08-05,16.69654990182878
2018-08-06,29.989214178008726
2018-08-07,18.6641376098148
2018-08-08,64.54371625346273
2018-08-09,59.96315577319724
2018-08-10,44.22176851226733
2018-08-11,76.38241973854275
2018-08-12,26.879518931343647
2018-08-13,25.339629296502995
2018-08-14,161.72940088583576
2018-08-15,108.39973937640332
2018-08-16,53.03785991531149
2018-08-17,76.06721004673884
2018-08-18,87.88922174848138
2018-08-19,48.491248106565145
2018-08-20,28.975351791332347
2018-08-21,41.02782199438556
2018-08-22,54.95567681823864
2018-08-23,33.80568884809039
2018-08-24,14.868964118313965
2018-08-25,10.78596871636449
2018-08-26,9.596352200326617
2018-08-27,17.175507457571747
2018-08-28,31.120509533270987
2018-08-29,36.69972520868543
2018-08-30,34.00588787574672
2018-08-31,19.257599973337182
2018-09-01,27.30572895832479
2018-09-02,21.773664480205852
2018-09-03,12.193320295851636
2018-09-04,9.582437461905913
2018-09-05,55.00820452926091
2018-09-06,69.88265912680959
2018-09-07,36.66038183973785
2018-09-08,31.03352382825476
2018-09-09,28.485650645056502
2018-09-10,40.64689268946618
2018-09-11,28.596677914122914
2018-09-12,46.62374894446746
2018-09-13,44.36713729176842
2018-09-14,46.695242301644555
2018-09-15,24.936503563405477
2018-09-16,25.724651252655523
2018-09-17,33.52863065767917
2018-09-18,48.10278750546354
2018-09-19,67.77457380803055
2018-09-20,31.882234969164596
2018-09-21,168.3271608226088
2018-09-22,56.05963772470619
2018-09-23,80.8499447221893
2018-09-24,40.52965100122573
2018-09-25,48.54030726458443
2018-09-26,50.63338229192912
2018-09-27,44.32646472524297
2018-09-28,40.87333926068871
2018-09-29,24.70422385035632
2018-09-30,20.790983702747376
2018-10-01,16.59139464988125
2018-10-02,9.131968165233536
2018-10-03,14.543974363053145
2018-10-04,9.893922260757787
2018-10-05,5.740717095811434
2018-10-06,8.786597650752
2018-10-07,9.246297595768294
2018-10-08,11.700519075603506
2018-10-09,7.644475054911584
2018-10-10,5.997730019226633
2018-10-11,56.84024781219284
2018-10-12,39.18811021502483
2018-10-13,10.996899881354304
2018-10-14,7.316600629264981
2018-10-15,113.83842198394082
2018-10-16,17.749161674001336
2018-10-17,13.800122660100044
2018-10-18,10.611306867877845
2018-10-20,4.105603001936601
2018-10-21,3.7181304797074417
2018-10-22,5.629216307168763
2018-10-23,10.385681199421203
2018-10-24,4.400281411071321
2018-10-25,3.956484002551521
2018-10-26,7.04036407638527
2018-10-27,2.6500327890744133
2018-10-28,2.3337019816362
2018-10-29,11.199363376953519
2018-10-30,3.2599903261946834
2018-10-31,8.600019243358311
2018-11-01,3.814955985202646
2018-11-02,6.097643294741734
2018-11-03,5.125150326584383
2018-11-04,17.619524276433634
2018-11-05,11.759976575438097
2018-11-06,16.899233123962357
2018-11-07,16.15292292802407
2018-11-08,13.968325715876503
2018-11-09,13.536944074845884
2018-11-10,5.037935004324754
2018-11-11,8.946074703219978
2018-11-12,7.3405769701758
2018-11-13,7.607803761099845
2018-11-15,81.77932943590604
2018-11-16,22.897880822162428
2018-11-17,15.05796548600319
2018-11-18,8.342069491545
2018-11-19,81.30656717414514
2018-11-20,166.80545599318162
2018-11-21,92.04228016679696
2018-11-22,33.06213503649839
2018-11-23,55.55374746543841
2018-11-24,43.94164017350775
2018-11-25,156.33114927686248
2018-11-26,104.83381741920336
2018-11-27,50.31806059134004
2018-11-28,74.18881458426661
2018-11-29,82.66145313064396
2018-11-30,57.29263684042505
2018-12-01,33.55196683115587
2018-12-02,38.00814062575146
2018-12-03,38.01574033602758
2018-12-04,36.1220625917149
2018-12-05,33.670705240239684
2018-12-06,71.49439838704964
2018-12-07,136.0880428575408
2018-12-08,84.31673236858008
2018-12-09,53.44048254645731
2018-12-10,37.93484577569051
2018-12-11,20.727443247534513
2018-12-12,20.19045106039038
2018-12-13,21.326394978009446
2018-12-14,17.836057043649042
2018-12-15,12.877931960264668
2018-12-16,15.440041297759244
2018-12-17,36.40206194423309
2018-12-18,38.41094528312883
2018-12-19,92.62348367967749
2018-12-20,97.58829952621676
2018-12-21,200.76378984909354
2018-12-22,57.96031131533805
2018-12-23,55.47227463016092
2018-12-24,84.28380957357935
2018-12-25,98.49428978911115
2018-12-26,57.73063276453547
2018-12-27,51.29649112797206
2018-12-28,48.63721002273415
2018-12-29,58.94336691742711
2018-12-30,66.06013458145
2018-12-31,25.502395867773956
2019-01-01,16.151139983609717
2019-01-02,21.925351302072293
2019-01-03,24.84686703632945
2019-01-04,14.822155238692725
2019-01-05,21.74008840352936
2019-01-06,39.69231624920731
2019-01-07,34.127044389213424
2019-01-08,20.594570075383036
2019-01-09,30.528515613838245
2019-01-10,158.3015022124165
2019-01-11,51.77238510117089
2019-01-12,23.280690605382457
2019-01-13,25.703295555406466
2019-01-14,29.767925656653713
2019-01-15,30.34722862824493
2019-01-16,29.704867873967334
2019-01-17,24.862166931687756
2019-01-18,10.533049366187013
2019-01-19,12.642879467226058
2019-01-20,20.5322320777742
2019-01-21,9.355187910933005
2019-01-22,19.55406390781493
2019-01-23,9.072866190924085
2019-01-24,5.791817774064223
2019-01-25,5.602735526720913
2019-01-26,3.9761582555820394
2019-01-27,9.16158691906228
2019-01-28,28.835913663986
2019-01-29,22.12445525507436
2019-01-30,20.236047563315825
2019-01-31,14.3924629218097
2019-02-01,14.252661708416495
2019-02-02,5.148201694815126
2019-02-03,8.732512839244293
2019-02-04,7.3096040296451905
2019-02-05,9.425267431804269
2019-02-06,14.385505938358124
2019-02-07,7.954750874887885
2019-02-08,37.85162596894668
2019-02-09,16.662792891447598
2019-02-10,17.87617196549542
2019-02-11,13.876562675532023
2019-02-12,10.579506974347423
2019-02-13,7.997301929760776
2019-02-14,8.082296292467387
2019-02-15,10.303916171606737
2019-02-16,4.341423715874854
2019-02-17,8.201548391131066
2019-02-18,34.1651077995552
2019-02-19,35.70856423203495
2019-02-20,20.712628735898733
2019-02-21,25.477875534413762
2019-02-22,8.827078937648619
2019-02-23,17.8878015065225
2019-02-24,89.08996427476396
2019-02-25,22.09718670196839
2019-02-26,8.68133557286556
2019-02-27,13.72478554997715
2019-02-28,11.694245884955496
2019-03-01,3.663655575836578
2019-03-02,6.201702922848951
2019-03-03,4.24811321986497
2019-03-04,18.6788543887233
2019-03-05,14.454793506607395
2019-03-06,12.248204232776978
2019-03-07,9.465429130496599
2019-03-08,6.889377933637687
2019-03-09,46.31366993073337
2019-03-10,18.885845586748427
2019-03-11,38.117296312789684
2019-03-13,14.261029173183342
2019-03-14,25.484145179859212
2019-03-15,14.344262035284482
2019-03-16,17.54587478462649
2019-03-17,8.914543339505189
2019-03-18,8.407302048750095
2019-03-19,17.096273771897135
2019-03-20,17.557149786730335
2019-03-21,35.89144867958731
2019-03-22,40.99096089201021
2019-03-23,49.81416816103413
2019-03-24,37.370995914999966
2019-03-25,28.46302569533913
2019-03-26,28.357405148852745
2019-03-27,25.1668630567588
2019-03-28,16.116943491107254
2019-03-29,29.120579385001857
2019-03-30,26.35395313200753
2019-03-31,10.594804054609494
2019-04-01,13.459981354149633
2019-04-02,65.00795294156966
2019-04-03,158.7071455982098
2019-04-04,140.21587759873563
2019-04-05,46.4609045190113
2019-04-06,23.821013619309216
2019-04-07,16.155292739547704
2019-04-08,43.4611315668576
2019-04-09,27.920453597046418
2019-04-10,32.00357479404196
2019-04-11,70.13130802985285
2019-04-12,33.258118937179646
2019-04-13,13.635178467547062
2019-04-14,6.754434883295173
2019-04-15,12.809189803047527
2019-04-16,9.346750539689722
2019-04-17,10.880817326132616
2019-04-18,6.613482961712908
2019-04-19,14.835149565970795
2019-04-20,8.093326981522175
2019-04-21,20.93109169291359
2019-04-22,17.68378676250383
2019-04-23,23.49553831004521
2019-04-24,43.74850858114977
2019-04-25,30.270596484058323
2019-04-26,63.33850431196686
2019-04-27,15.356749902393686
2019-04-28,10.401309523890012
2019-04-29,17.519516999533334
2019-04-30,17.646499517595323
2019-05-01,15.195904212282203
2019-05-02,10.48605507478836
2019-05-03,36.63781211313336
2019-05-04,25.140040134431462
2019-05-05,20.402698194999203
2019-05-06,27.328857786940652
2019-05-07,17.504485842389872
2019-05-08,15.531322333926388
2019-05-09,18.44605956414138
2019-05-10,53.728670376851305
2019-05-11,85.05257885255453
2019-05-12,105.96432306013688
2019-05-13,33.383402987629715
2019-05-14,95.3850137211757
2019-05-16,176.25392014154988
2019-05-17,145.83257837192926
2019-05-18,56.85121804288864
2019-05-19,40.655087856207665
2019-05-20,59.7545004342161
2019-05-21,29.193429428829617
2019-05-22,43.58591202869583
2019-05-23,35.86479338473595
2019-05-24,31.493897325720553
2019-05-25,16.22535274816124
2019-05-26,22.786755689491137
2019-05-27,60.33540691426548
2019-05-28,43.091769970476975
2019-05-29,31.24178922422552
2019-05-30,58.32225595774677
2019-05-31,61.55903058579729
2019-06-01,32.00398242816959
2019-06-02,43.980412398979595
2019-06-03,46.44792376310638
2019-06-04,72.8212108252437
2019-06-05,30.56228779547231
2019-06-06,22.728755657579285
2019-06-07,25.32738683832893
2019-06-08,12.58565661509216
2019-06-09,16.081041234117446
2019-06-10,27.813810930341393
2019-06-11,24.269107744177997
2019-06-12,33.092480309155135
2019-06-13,26.415112561574652
2019-06-14,36.66247683588945
2019-06-15,15.47027237961871
2019-06-16,16.22880896287949
2019-06-17,12.213472363571887
2019-06-18,12.85502577309889
2019-06-19,7.611250709232277
2019-06-20,11.612481481100847
2019-06-21,13.625071582347056
2019-06-22,35.639310430612234
2019-06-23,36.6195451113637
2019-06-24,18.80961922420121
2019-06-25,13.566406707780574
2019-06-26,75.1384481441944
2019-06-27,90.97594014538267
2019-06-28,45.00618366499293
2019-06-29,21.511585112786083
2019-06-30,24.98304249262439
2019-07-01,36.327518751165535
2019-07-02,36.24056606040783
2019-07-03,22.211409375762308
2019-07-04,16.155292848219823
2019-07-05,18.170902915920205
2019-07-06,16.63775425487794
2019-07-07,11.271376702161975
2019-07-08,11.403216380393024
2019-07-09,10.576008496703079
2019-07-10,37.18136080513219
2019-07-11,76.33899905516944
2019-07-12,39.03349258763656
2019-07-13,23.96477559789114
2019-07-14,46.374822975838846
2019-07-15,78.83202752249593
2019-07-16,98.13639764083949
2019-07-17,80.43876475210376
2019-07-18,79.25205000496815
2019-07-19,34.16896537138382
2019-07-20,29.24335591934516
2019-07-21,21.497587242518264
2019-07-22,29.20073757502606
2019-07-23,20.851558905832977
2019-07-24,26.131448775901333
2019-07-25,27.92428308752014
2019-07-26,25.78948939771165
2019-07-27,24.560340775244473
2019-07-28,10.325377772592056
2019-07-29,34.28100126254458
2019-07-30,9.965208143148727
2019-07-31,12.895110277856855
2019-08-01,7.308134680842388
2019-08-02,11.253069165740476
2019-08-03,7.4525710556199725
2019-08-04,8.970133166826722
2019-08-05,15.750352185272769
2019-08-06,12.53087123710146
2019-08-07,15.337144972552762
2019-08-08,19.62381071751772
2019-08-09,19.70313539422544
2019-08-10,42.66081650023994
2019-08-11,40.036935376686706
2019-08-12,14.412215288289756
2019-08-13,25.142019403899
2019-08-14,55.911452867538415
2019-08-16,28.35084123613994
2019-08-17,18.26047240077003
2019-08-18,21.68519663077281
2019-08-19,11.871475984641013
2019-08-20,15.131940995836546
2019-08-21,17.578347157045837
2019-08-22,35.12616539396295
2019-08-23,16.4436461888395
2019-08-24,15.816921727950156
2019-08-25,26.33385783486174
2019-08-26,16.698706058958276
2019-08-27,9.03084466915058
2019-08-28,21.545534836765654
2019-08-29,25.96307827984982
2019-08-30,9.068127971712913
2019-08-31,5.030903101811903
2019-09-01,5.308271293421724
2019-09-02,11.390310409485636
2019-09-03,22.141902877813173
2019-09-04,12.45477361810843
2019-09-05,7.763880059046755
2019-09-06,12.860159318348295
2019-09-07,10.335572633438414
2019-09-08,16.736445518741753
2019-09-09,11.343818213496812
2019-09-10,9.380519438530044
2019-09-11,10.810665552578417
2019-09-12,8.315524522806363
2019-09-13,8.807154363151959
2019-09-14,12.292519421218053
2019-09-15,4.882844648925688
2019-09-16,5.364533409023526
2019-09-17,16.73072061858945
2019-09-18,40.29696569701807
2019-09-19,53.389928194573024
2019-09-20,19.67408686072487
2019-09-21,18.08274307355451
2019-09-22,20.046831668515782
2019-09-23,24.70317266324209
2019-09-24,192.45079476833808
2019-09-25,85.58554350027417
2019-09-26,58.94736544582868
2019-09-27,29.903115750271294
2019-09-28,21.429376614404134
2019-09-29,25.81825018390774
2019-09-30,29.246532108458247
2019-10-01,19.139397402331554
2019-10-02,12.206157562785917
2019-10-03,12.551727763084527
2019-10-04,18.66010827744479
2019-10-05,13.135305839679052
2019-10-06,14.766455614219792
2019-10-07,21.057365654809193
2019-10-08,14.318874916827541
2019-10-09,17.209476697867743
2019-10-10,13.06593148254702
2019-10-11,19.706679290561162
2019-10-12,8.790910840904857
2019-10-13,8.596456985391603
2019-10-14,11.100905669680543
2019-10-15,17.860588537014465
2019-10-16,11.612225352184248
2019-10-17,8.273194082423272
2019-10-18,11.274681978517435
2019-10-19,12.038863470054132
2019-10-20,7.442012032280318
2019-10-21,7.603394396608373
2019-10-22,8.460527753258354
2019-10-23,34.00985092260781
2019-10-24,11.208161864024623
2019-10-25,34.217956326888334
2019-10-26,50.52442140259253
2019-10-27,24.65180997520368
2019-10-28,30.750630738309603
2019-10-29,22.14464192843366
2019-10-30,18.96912667181193
2019-10-31,19.281488019378326
2019-11-01,15.412471155764106
2019-11-02,5.487164342179102
2019-11-03,5.8378150822604935
2019-11-04,8.78831237915124
2019-11-05,14.84755515822175
2019-11-06,11.5146431765444
2019-11-07,9.385209197102595
2019-11-08,8.55312622289822
2019-11-09,5.7626501928035525
2019-11-10,10.196350827778506
2019-11-11,6.669946302898004
2019-11-12,8.937192979646019
2019-11-14,5.109570029456575
2019-11-15,11.993032696012238
2019-11-16,10.14001463058615
2019-11-17,9.559071866900121
2019-11-18,14.476596868043027
2019-11-19,14.580403243602605
2019-11-20,10.756312356729818
2019-11-21,26.721833855093788
2019-11-22,67.4087091165468
2019-11-23,24.40901789558062
2019-11-24,33.21885015664234
2019-11-26,25.2822921180541
2019-11-27,28.50963626396802
2019-11-28,13.286565073556675
2019-11-29,33.58731033690653
2019-11-30,15.899240060669966
2019-12-01,19.60097482439831
2019-12-02,13.551394676670105
2019-12-03,8.596832256574064
2019-12-04,45.248220265091724
2019-12-05,11.539260067804793
2019-12-06,10.52996173286731
2019-12-07,7.187147000602643
2019-12-08,5.202524426736187
2019-12-09,7.464274352294887
2019-12-10,6.326178598641584
2019-12-11,4.9526286415504535
2019-12-12,6.458373723227343
2019-12-13,3.9834631754471235
2019-12-14,6.689346397223993
2019-12-15,4.9900393103256775
2019-12-16,24.244051618513453
2019-12-17,20.321214491645932
2019-12-18,32.7147932729294
2019-12-19,22.647421809581864
2019-12-20,8.828621933722173
2019-12-21,5.048085674132333
2019-12-22,6.673521490270546
2019-12-23,14.586885269619364
2019-12-24,16.4580764890031
2019-12-25,8.013106397445553
2019-12-26,9.375257270045564
2019-12-27,15.598411217348641
2019-12-28,8.353960262368568
2019-12-29,6.491371817514759
2019-12-30,5.94066648811301
2019-12-31,6.091715765729315
2020-01-01,4.201926521321973
2020-01-02,6.5143644350768435
2020-01-03,19.416480899262098
2020-01-04,8.05478619509604
2020-01-05,6.3771435124127365
2020-01-06,11.548070899254714
2020-01-07,17.299209069265096
2020-01-08,31.374977815513542
2020-01-09,11.00669300535238
2020-01-10,19.0224275508247
2020-01-11,15.072754242897568
2020-01-12,11.210112207509889
2020-01-13,6.626538581978505
2020-01-14,53.251844288212475
2020-01-15,43.20776926919427
2020-01-16,32.92472684486295
2020-01-17,34.27748438298638
2020-01-18,32.90224722942104
2020-01-19,49.984687324944915
2020-01-20,18.953486518416796
2020-01-21,29.6733007841461
2020-01-22,11.189146449684387
2020-01-23,18.17058353598479
2020-01-24,27.813858957641774
2020-01-25,18.115672145112743
2020-01-26,10.040331034686915
2020-01-27,21.20014619250977
2020-01-28,51.52968144285358
2020-01-29,40.96899519313789
2020-01-30,35.20895427501872
2020-01-31,25.25618685636224
2020-02-01,18.460627817700292
2020-02-02,23.874299589763922
2020-02-03,20.507523930236076
2020-02-04,24.900671510492096
2020-02-05,18.632640799249543
2020-02-06,35.15734871666121
2020-02-07,16.300493275891196
2020-02-08,15.929576964882791
2020-02-09,9.476727739765165
2020-02-10,15.964522538091805
2020-02-11,10.844666042664924
2020-02-12,36.744707678903374
2020-02-13,90.87586541784685
2020-02-14,18.393743539144744
2020-02-15,54.9734529704702
2020-02-16,77.68274998295229
2020-02-17,76.91725200482058
2020-02-18,42.55215328925823
2020-02-20,57.33480183265628
2020-02-21,24.07818479958803
2020-02-22,10.555457380944713
2020-02-23,11.305539925149473
2020-02-24,18.679845539382782
2020-02-25,18.26953665067256
2020-02-26,63.662151310531705
2020-02-27,40.1343205532647
2020-02-28,50.89978695157459
2020-02-29,19.843734402024406
2020-03-01,21.584453569784113
2020-03-02,13.890586614385278
2020-03-03,18.269336773682816
2020-03-05,11.867974714125575
2020-03-06,10.514503301575377
2020-03-07,15.92915102327149
2020-03-08,38.42539862860628
2020-03-09,65.21322036511464
2020-03-10,27.562503513615454
2020-03-11,25.100192991904002
2020-03-12,401.2515935899355
2020-03-13,1443.8876487423547
2020-03-14,78.60253123290646
2020-03-15,69.15405226899074
2020-03-16,206.4608317533139
2020-03-17,68.58828652475643
2020-03-18,53.781357928166784
2020-03-19,78.02490589647657
2020-03-20,123.97717295816659
2020-03-21,66.61005060736402
2020-03-22,42.98281906500183
2020-03-23,55.92070616591638
2020-03-24,41.47901052033913
2020-03-25,32.86992523663499
2020-03-26,14.54932596476502
2020-03-27,23.158388347728383
2020-03-28,51.34544178021177
2020-03-29,18.598098853432173
2020-03-30,14.43476399147891
2020-03-31,12.338171467089662
2020-04-01,12.106567050547676
2020-04-02,33.738855090737246
2020-04-03,14.45522782518746
2020-04-04,9.36093533555256
2020-04-05,5.884501462364371
2020-04-06,15.257438724926372
2020-04-07,29.291785706761303
2020-04-08,24.057345957917647
2020-04-09,12.316942850864955
2020-04-10,32.21276877972986
2020-04-11,14.187131638370593
2020-04-12,14.751515292212128
2020-04-13,22.812771120714896
2020-04-14,10.564753042196926
2020-04-15,8.457499655838477
2020-04-16,27.91893147785903
2020-04-17,11.762130467935302
2020-04-18,9.165165702633294
2020-04-19,15.00053304990417
2020-04-20,18.91111771392416
2020-04-21,15.976624993087258
2020-04-22,7.277532438106296
2020-04-23,32.55421288820268
2020-04-24,38.64275271025566
2020-04-26,22.696462234515145
2020-04-27,27.17062161350263
2020-04-28,23.483325027209816
2020-04-29,25.401236378559744
2020-04-30,52.24894076384158
2020-05-01,29.252830354788497
2020-05-02,13.270892486017818
2020-05-03,17.072641775567472
2020-05-04,43.272346751008754
2020-05-05,17.879777162647276
2020-05-06,10.665189863126775
2020-05-07,25.035458173992893
2020-05-08,23.884948297127377
2020-05-09,22.573910798587487
2020-05-10,199.67794456563186
2020-05-11,73.13957425680513
2020-05-12,26.44851479477763
2020-05-13,12.037492965530742
2020-05-14,15.412309626801951
2020-05-15,15.821421717007087
2020-05-16,11.801190195136499
2020-05-17,5.2731351385329575
2020-05-18,22.05384073527605
2020-05-19,15.138238202524535
2020-05-20,20.216940960925683
2020-05-21,34.154003198423794
2020-05-22,22.190380260145137
2020-05-23,18.727195204325906
2020-05-24,15.799646189835398
2020-05-25,31.152792803037652
2020-05-26,13.167700129055898
2020-05-27,13.427980862004482
2020-05-28,32.2020884941334
2020-05-29,59.32928471981279
2020-05-30,58.268718048111296
2020-05-31,98.59484646935202
2020-06-01,91.68926093028996
2020-06-02,118.73656529044662
2020-06-03,37.28609793992975
2020-06-04,49.01683708877844
2020-06-05,19.276455346539116
2020-06-06,11.74148129872486
2020-06-07,14.7696028067116
2020-06-08,7.885454743424715
2020-06-09,8.253062358133764
2020-06-10,17.56482975544186
2020-06-11,33.59133468338266
2020-06-12,28.177745246924086
2020-06-13,10.497245968007043
2020-06-14,6.630595352064382
2020-06-15,40.16309573846164
2020-06-16,20.10731531770538
2020-06-17,20.533334492592683
2020-06-18,15.5282738112225
2020-06-19,15.526407651139037
2020-06-20,6.6326245443306195
2020-06-21,5.940020389754313
2020-06-22,7.941977577145586
2020-06-23,8.331812121313519
2020-06-24,24.874802600057254
2020-06-25,17.887792804824933
2020-06-26,10.603893117344969
2020-06-27,11.478437801461881
2020-06-29,17.2724195173232
2020-06-30,9.999175412957841
2020-07-01,26.59343908149637
2020-07-02,42.17358628477471
2020-07-03,35.13648046467423
2020-07-04,26.791565279531397
2020-07-05,17.825215638158788
2020-07-06,16.429440556215745
2020-07-07,54.28571538756642
2020-07-08,149.92472190033845
2020-07-09,61.296324595902256
2020-07-10,63.0451715325972
2020-07-11,33.79640901844875
2020-07-12,25.19443654873086
2020-07-13,55.80632695518769
2020-07-14,59.78324372673467
2020-07-15,25.554799266056822
2020-07-16,36.979604820795906
2020-07-17,14.243597754267213
2020-07-18,15.260573700251143
2020-07-19,8.35548569827
2020-07-20,7.716131058670001
2020-07-21,11.699638332309771
2020-07-22,5.321646379033186
2020-07-23,10.260106586039896
2020-07-24,4.953573286316706
2020-07-25,30.413984983792652
2020-07-26,62.91663783352604
2020-07-27,86.11026439718496
2020-07-28,64.19015979555537
2020-07-29,31.54459568671193
2020-07-30,27.27234358803301
2020-07-31,11.056417264783018
2020-08-01,13.619102812233397
2020-08-02,103.58506870987544
2020-08-03,14.795612924667692
2020-08-04,21.00428102725846
2020-08-05,14.564994596359599
2020-08-06,12.829647258626283
2020-08-07,18.92822706125563
2020-08-08,10.425431864443016
2020-08-09,38.742050704575504
2020-08-10,13.248364794595595
2020-08-11,20.82648719960719
2020-08-12,40.51506256395422
2020-08-13,36.199195409194225
2020-08-14,15.01646779221981
2020-08-15,9.558910198129603
2020-08-16,8.55170076150277
2020-08-17,22.341047559072422
2020-08-18,18.13873921464196
2020-08-19,31.097808007647785
2020-08-20,17.47481945634989
2020-08-21,26.851208975039384
2020-08-22,27.32133951662671
2020-08-23,11.941043772669811
2020-08-24,11.92455448275595
2020-08-25,46.243603987442185
2020-08-26,34.07382782731913
2020-08-27,34.11511783371988
2020-08-28,19.30973898127867
2020-08-29,13.856042411985067
2020-08-30,12.632127461080488
2020-08-31,29.034417225629902
2020-09-01,22.969902784735424
2020-09-02,37.63297913872574
2020-09-03,49.1190745933016
2020-09-04,120.78894931535588
2020-09-05,96.08092213474427
2020-09-06,78.73014487542449
2020-09-07,56.09677669970084
2020-09-08,49.029060858214805
2020-09-09,30.874565915987656
2020-09-10,28.04901205866281
2020-09-11,15.924182426029482
2020-09-12,13.858406180261728
2020-09-13,20.86172867256043
2020-09-14,20.95838100805697
2020-09-15,15.906179603116193
2020-09-16,18.980115048543308
2020-09-17,17.42003552172564
2020-09-18,9.765502995142752
2020-09-19,7.3934930626903865
2020-09-20,12.591582343725635
2020-09-21,29.543092556791404
2020-09-22,20.337446309080942
2020-09-23,13.826917057870952
2020-09-24,24.676988375715375
2020-09-25,45.87119537600742
2020-09-26,26.845902190715737
2020-09-27,33.460007121105605
2020-09-28,30.23839068821
2020-09-29,21.455500411766895
2020-09-30,13.60891760952487
2020-10-01,27.398591947627587
2020-10-02,34.848560594807424
2020-10-03,11.693559458858186
2020-10-04,11.303934784792041
2020-10-05,11.229404010824766
2020-10-06,23.792441270918022
2020-10-07,20.829309716900777
2020-10-08,17.216473916310097
2020-10-09,11.805907040051505
2020-10-10,32.570417911065036
2020-10-11,22.237671281046502
2020-10-12,23.573387445536067
2020-10-13,34.5311733037832
2020-10-14,20.415207691099305
2020-10-15,15.194145635058204
2020-10-16,11.169302724676504
2020-10-17,9.497489277172072
2020-10-18,3.6717415958959716
2020-10-19,6.268642333801413
2020-10-20,17.22366802741688
2020-10-21,14.491548019214973
2020-10-22,15.090676612693725
2020-10-23,14.09116767916867
2020-10-24,6.898164957829829
2020-10-25,6.344836655591984
2020-10-26,14.040309566856688
2020-10-27,11.6738648286236
2020-10-28,24.511573612123378
2020-10-29,19.881306300054653
2020-10-30,30.314211942562835
2020-10-31,11.76889226262087
2020-11-01,10.917157786594954
2020-11-02,19.02148518016309
2020-11-03,22.668996935432396
2020-11-04,18.519593800024555
2020-11-05,16.640298641507556
2020-11-06,35.6590917762256
2020-11-07,53.368201631322606
2020-11-08,20.99793395204431
2020-11-09,22.05410384807302
2020-11-10,14.721809412416604
2020-11-11,11.122196055647636
2020-11-12,9.486222669480552
2020-11-13,10.2147494474947
2020-11-14,9.812692577750974
2020-11-15,9.582194031907965
2020-11-16,11.91509355487856
2020-11-17,18.558364891516458
2020-11-18,30.42047871586893
2020-11-19,10.05739937440087
2020-11-20,17.983639349376872
2020-11-21,58.98897320234734
2020-11-22,174.75105293208833
2020-11-23,134.13105903572492
2020-11-24,324.83942882985946
2020-11-25,100.43925005717931
2020-11-26,340.905854054935
2020-11-27,86.98591314381143
2020-11-28,92.69243668389188
2020-11-29,66.6006261948487
2020-11-30,59.47705511205683
2020-12-01,143.846644727914
2020-12-02,35.44654245198502
2020-12-03,36.65888573343413
2020-12-04,37.0744744804541
2020-12-05,33.837854151071014
2020-12-06,14.856353217709371
2020-12-07,10.617847806365056
2020-12-08,29.368530644466944
2020-12-09,68.45203457292672
2020-12-10,25.10213485118934
2020-12-11,27.761956268531183
2020-12-12,14.236011434922233
2020-12-13,21.001575831314806
2020-12-14,14.158716809339213
2020-12-15,12.684508794477424
2020-12-16,35.23999571804633
2020-12-17,66.81554116080757
2020-12-18,31.827007697036738
2020-12-19,11.667502241894036
2020-12-20,20.258787326854122
2020-12-22,29.934491851585612
2020-12-23,48.92859404584203
2020-12-24,123.94242765267418
2020-12-25,43.20361424920877
2020-12-26,37.39678570918063
2020-12-27,70.39034458587857
2020-12-28,54.731492388739014
2020-12-29,158.86996975725148
2020-12-30,57.137207270354835
2020-12-31,26.602312246745008
2021-01-01,29.66043252750347
2021-01-02,48.99772077247985
2021-01-03,92.40864399892403
2021-01-04,245.65182637376472
2021-01-05,158.00549101702362
2021-01-06,351.5629362170911
2021-01-07,280.7264221937525
2021-01-08,245.6110355496155
2021-01-09,99.61587959674924
2021-01-10,122.32678277408222
2021-01-11,328.0034552957466
2021-01-12,189.22898653177262
2021-01-13,83.09863873540908
2021-01-14,56.79382208597616
2021-01-15,109.32822817821082
2021-01-16,138.37062518068245
2021-01-17,137.25817224002625
2021-01-18,56.34296351861879
2021-01-19,30.577545405340206
2021-01-20,75.9233469370034
2021-01-21,79.8893341816651
2021-01-22,158.07317741168336
2021-01-23,46.488615938695006
2021-01-24,37.03156056146315
2021-01-25,26.708378417772007
2021-01-26,41.24563962217292
2021-01-27,44.65376557677105
2021-01-28,48.997675777815346
2021-01-29,88.49605178685412
2021-01-30,65.06794034188272
2021-01-31,37.33029631786855
2021-02-01,43.49513537894291
2021-02-02,211.61001681254908
2021-02-03,42.63034177008824
2021-02-04,33.45560625180864
2021-02-05,122.02824196111472
2021-02-06,137.79044735785658
2021-02-07,218.2965423289188
2021-02-08,107.2291790935021
2021-02-09,51.495817940473714
2021-02-10,304.22064635226707
2021-02-12,67.61393574431148
2021-02-13,74.14981131360318
2021-02-14,56.509247520882845
2021-02-15,324.19897457954227
2021-02-16,70.39510425513704
2021-02-17,30.691879670225358
2021-02-18,39.09760579043251
2021-02-19,37.67397462883985
2021-02-20,178.49361680386764
2021-02-21,149.02727347461908
2021-02-22,337.17144445162484
2021-02-23,554.6777015813168
2021-02-24,162.99084169639522
2021-02-25,97.78081819861274
2021-02-26,213.39793496412364
2021-02-27,206.2029340540594
2021-02-28,261.1623390650458
2021-03-01,105.64075978590105
2021-03-02,59.53465534133539
2021-03-03,19.144648760506527
2021-03-04,58.38872024228342
2021-03-05,96.4519797524717
2021-03-07,14.159496937056367
2021-03-08,18.011542975279518
2021-03-09,27.483086317260224
2021-03-10,28.86104871290906
2021-03-11,14.849683050172304
2021-03-12,37.82402169455145
2021-03-13,66.48120985196842
2021-03-14,25.01845172722548
2021-03-15,37.50143503986097
2021-03-16,138.43838273185793
2021-03-17,74.71652761359192
2021-03-18,175.77305137091315
2021-03-19,72.35686549618934
2021-03-20,17.21193189474095
2021-03-21,30.467044822829315
2021-03-22,27.47898440317698
2021-03-23,40.061767363208745
2021-03-24,26.201734994697915
2021-03-25,81.10085731918565
2021-03-26,50.72092998742869
2021-03-27,25.846516798120795
2021-03-28,12.914275760126415
2021-03-29,9.549520070388258
2021-03-30,7.18379829971131
2021-03-31,14.6421579263067
2021-04-01,9.627894041150489
2021-04-02,13.064161358196538
2021-04-03,16.507232399104605
2021-04-04,13.259817123833649
2021-04-05,10.531036329732553
2021-04-06,77.78379224437754
2021-04-07,57.6961876814077
2021-04-08,13.354182186945174
2021-04-09,6.865310878220062
2021-04-10,11.588369869291833
2021-04-11,23.852402021781433
2021-04-12,52.19427264170608
2021-04-13,46.30895525381
2021-04-14,138.15314493613042
2021-04-15,38.152014782885196
2021-04-16,62.311481825096905
2021-04-17,31.58280631695103
2021-04-18,402.957721965507
2021-04-19,71.381095315699
2021-04-21,53.01305393095636
2021-04-22,54.895308703342685
2021-04-23,301.6918568421195
2021-04-24,73.94084441591832
2021-04-26,70.06057028292449
2021-04-27,43.127429435577795
2021-04-28,43.93183304961007
2021-04-29,54.47660246199698
2021-04-30,22.25052714175687
2021-05-01,12.666435073694808
2021-05-02,14.979826038896933
2021-05-03,12.04155600176339
2021-05-04,40.070881289436485
2021-05-05,45.980202800728534
2021-05-06,129.14081055368874
2021-05-07,93.40660207943137
2021-05-08,38.54147047464994
2021-05-09,87.5968688540632
2021-05-10,149.96521989373193
2021-05-11,80.6674739198733
2021-05-12,57.9102594645176
2021-05-13,283.39350436566514
2021-05-14,63.044113384353835
2021-05-15,140.3990315849297
2021-05-16,132.05213027390874
2021-05-17,172.9660110893173
2021-05-18,84.41820304668036
2021-05-19,3086.93073081584
2021-05-20,455.6369288456276
2021-05-21,291.9855984675473
2021-05-22,300.52671328241064
2021-05-23,457.3017771225733
2021-05-24,339.7722832010466
2021-05-25,184.4547037920864
2021-05-26,146.67422141635384
2021-05-27,103.81802664757566
2021-05-28,151.84346988296463
2021-05-29,94.90484819019636
2021-05-30,125.87367302284667
2021-05-31,80.91521506214198
2021-06-01,61.104429633149024
2021-06-02,26.175561752529205
2021-06-03,29.72760013047346
2021-06-04,82.8906712223413
2021-06-05,37.77940939390807
2021-06-06,19.45427825090172
2021-06-07,21.372112263351354
2021-06-08,86.89215685868363
2021-06-09,61.61386437380108
2021-06-10,30.494030417010205
2021-06-11,23.0672416390464
2021-06-12,48.719048069264055
2021-06-13,24.457221776202978
2021-06-14,28.796411292254
2021-06-15,15.608928517889256
2021-06-16,15.54119405516687
2021-06-17,11.593647125794844
2021-06-18,21.35973197704774
2021-06-19,16.04668333936055
2021-06-20,25.112533078723693
2021-06-21,93.62942464915699
2021-06-22,244.0286854017713
2021-06-23,103.08375139866341
2021-06-24,56.229039342812115
2021-06-25,100.88113987438584
2021-06-26,47.81043865584973
2021-06-27,27.97352261522196
2021-06-28,21.25470422708043
2021-06-29,20.425012054428617
2021-06-30,33.821111798138794
2021-07-01,27.055897593306398
2021-07-02,27.31001845881593
2021-07-03,16.683148870933486
2021-07-04,14.745881896885626
2021-07-05,22.647158450720738
2021-07-06,17.737340079676983
2021-07-07,7.883060158853222
2021-07-08,17.213362648234405
2021-07-09,20.72141692781636
2021-07-10,8.80387020231697
2021-07-11,4.446125055820596
2021-07-12,10.340913471606038
2021-07-13,11.723337742375861
2021-07-14,26.631727080015942
2021-07-15,19.32882140900172
2021-07-16,20.929981953945113
2021-07-17,15.73495321995613
2021-07-18,8.937816890286452
2021-07-19,13.935576632693955
2021-07-20,33.97967021180255
2021-07-21,43.45621398886662
2021-07-22,27.79996032249074
2021-07-23,12.638686253356447
2021-07-24,13.50474541844673
2021-07-25,13.226204685695054
2021-07-26,51.80030653478741
2021-07-27,51.976723581035486
2021-07-28,28.96352391993449
2021-07-29,13.539872382161814
2021-07-30,13.32874365371847
2021-07-31,11.777240912048468
2021-08-01,19.043303203385697
2021-08-02,15.598314250719143
2021-08-03,27.142275244131824
2021-08-04,15.92689042838195
2021-08-05,14.175902892822752
2021-08-06,9.935983348224767
2021-08-07,21.606422104750806
2021-08-08,20.265185491387143
2021-08-09,17.81051634380234
2021-08-10,30.9181826635323
2021-08-11,58.03066421989839
2021-08-12,65.62578290483931
2021-08-14,71.93453335540515
2021-08-15,40.524629925692295
2021-08-16,26.492948741657553
2021-08-17,40.628325500001374
2021-08-18,74.68748260241016
2021-08-19,83.35373337733783
2021-08-20,53.77664490152936
2021-08-21,26.989645680429746
2021-08-22,32.40619827963846
2021-08-23,44.992239826237956
2021-08-24,48.808407257706605
2021-08-25,58.7070534618149
2021-08-26,50.38957659276288
2021-08-27,52.969812076692584
2021-08-28,22.56450398965784
2021-08-29,24.67652328936157
2021-08-30,20.112351839953227
2021-08-31,24.688442340605377
2021-09-01,18.18459567577306
2021-09-02,33.38536289791494
2021-09-03,14.77514961466586
2021-09-04,12.059903901444496
2021-09-05,13.009596506062438
2021-09-06,11.796535742538506
2021-09-07,701.1997283907571
2021-09-08,94.11607515653367
2021-09-09,58.98667206973893
2021-09-10,41.93474037657774
2021-09-11,71.26679379746585
2021-09-12,68.65345944786539
2021-09-13,81.30563411079329
2021-09-14,20.893384550256346
2021-09-15,21.28964193791767
2021-09-16,21.269269975718895
2021-09-17,15.394534762254581
2021-09-18,13.04892250314909
2021-09-19,8.625114044462181
2021-09-20,92.80527854751826
2021-09-21,72.91978030290923
2021-09-22,97.01320072706206
2021-09-23,27.0023685598411
2021-09-24,107.16907949595456
2021-09-25,51.97678435778339
2021-09-26,35.644357146750615
2021-09-27,23.10139183339243
2021-09-28,23.965734637310927
2021-09-30,12.839386428075098
2021-10-01,16.926433687979824
2021-10-02,14.413785415493567
2021-10-03,17.154578921446127
2021-10-04,18.28710573671887
2021-10-05,9.637512114860993
2021-10-06,17.941367605437033
2021-10-07,28.40748900805698
2021-10-08,8.998440114967046
2021-10-09,8.486822436626133
2021-10-10,7.111175054107312
2021-10-11,14.377452124891127
2021-10-12,23.236513923515346
2021-10-13,13.017321332834854
2021-10-14,9.979298454138394
2021-10-15,17.458485624304334
2021-10-16,7.956473029320614
2021-10-17,7.550574239992806
2021-10-18,7.283899212475216
2021-10-19,5.850926554181964
2021-10-20,6.198072290308669
2021-10-21,30.16379995936892
2021-10-22,12.862640284848325
2021-10-23,5.372762812685255
2021-10-24,4.272491902987409
2021-10-25,4.71471138114354
2021-10-26,6.668014686710409
2021-10-27,173.63123484135645
2021-10-28,33.230868122243564
2021-10-29,12.087365398456662
2021-10-30,6.452355450586186
2021-10-31,14.252193817519517
2021-11-01,9.111791025273345
2021-11-02,6.272016410725455
2021-11-03,37.448348716163935
2021-11-04,16.430398811899423
2021-11-05,8.16063343704753
2021-11-06,12.398432049056037
2021-11-07,5.616064755729067
2021-11-08,12.733347026063289
2021-11-09,49.28448609775765
2021-11-10,116.58418990354127
2021-11-11,26.173847223743536
2021-11-12,18.395989552544357
2021-11-13,8.197130409988802
2021-11-14,4.448255033642747
2021-11-15,7.162678940493384
2021-11-16,75.18719510885829
2021-11-17,29.580031577421042
2021-11-18,33.422904235037755
2021-11-19,20.886633620563572
2021-11-20,16.687758598293268
2021-11-21,6.658096680711832
2021-11-22,17.98392228397467
2021-11-23,11.438426946927747
2021-11-24,20.6818875116679
2021-11-25,21.8261915460866
2021-11-26,40.68072617625649
2021-11-27,16.02622835287889
2021-11-28,26.76274424063012
2021-11-29,21.094768360412143
2021-11-30,19.131475326283606
2021-12-01,14.377757789097561
2021-12-02,64.40829379013911
2021-12-03,26.672368587985925
2021-12-04,254.7702313600617
2021-12-05,53.103488479420164
2021-12-06,63.161056136815866
2021-12-07,34.88210762717764
2021-12-08,34.17984754168581
2021-12-09,25.701719996611946
2021-12-10,29.00727719733149
2021-12-11,31.63159007954949
2021-12-12,26.750086676746264
2021-12-13,27.972852444538727
2021-12-14,43.13225103926562
2021-12-15,30.09820567944657
2021-12-16,13.703051396338218
2021-12-17,24.096084981022393
2021-12-18,15.849645574600023
2021-12-19,18.332971391176727
2021-12-20,18.117052429534745
2021-12-21,14.612452587231452
2021-12-22,17.450627615933143
2021-12-23,29.22888704965737
2021-12-24,30.35247464838763
2021-12-25,16.216515568954403
2021-12-26,12.750447849410069
2021-12-27,20.247176512726778
2021-12-28,49.630406229126294
2021-12-29,32.8793936207007
2021-12-30,24.590512158084323
2021-12-31,23.413209845059832
2022-01-01,12.995692163903852
2022-01-02,13.330641071579848
2022-01-03,11.385054361503045
2022-01-04,14.269068000819574
2022-01-05,21.85772537023548
2022-01-06,43.62569190147634
2022-01-07,42.198429752752475
2022-01-08,26.67220918710298
2022-01-09,27.943532525637597
2022-01-10,39.22145816903978
2022-01-11,21.986440092743027
2022-01-12,18.06105842279892
2022-01-13,35.73382007156493
2022-01-14,25.39944198242151
2022-01-15,12.534383671676064
2022-01-16,24.83370455834506
2022-01-17,63.45913830195954
2022-01-18,56.171941421009386
2022-01-19,50.583155142673746
2022-01-20,37.72286250360125
2022-01-21,95.3552925895473
2022-01-22,240.4295019929739
2022-01-23,64.98638511143675
2022-01-24,129.62923258866158
2022-01-25,46.55867129584237
2022-01-26,75.7173316738761
2022-01-27,56.94764912404313
2022-01-28,34.779577896625845
2022-01-29,15.021946511313196
2022-01-30,12.646624790070543
2022-01-31,14.247454021541053
2022-02-01,13.760874494812096
2022-02-02,20.070915433718046
2022-02-03,17.492904220662183
2022-02-04,13.64207107944761
2022-02-05,18.759002262050032
2022-02-06,11.05747003198412
2022-02-07,27.13066887301131
2022-02-08,40.86120459894601
2022-02-09,20.067584813527
2022-02-10,24.227460957417694
2022-02-11,23.228919268271564
2022-02-12,28.48861138038435
2022-02-13,12.050068632544512
2022-02-14,11.597467690006912
2022-02-15,13.187918191098976
2022-02-16,12.119023755635899
2022-02-17,17.137834342855502
2022-02-18,23.078796132283884
2022-02-19,12.171421985878128
2022-02-20,18.910950073709916
2022-02-21,60.96925729199333
2022-02-22,60.80339300989433
2022-02-23,45.33532221604356
2022-02-24,147.36186748050156
2022-02-25,59.25260510692185
2022-02-26,29.80231518973773
2022-02-27,34.14583038936957
2022-02-28,45.16151233632872
2022-03-01,51.17987976249061
2022-03-02,27.260603052791364
2022-03-03,20.79244734235275
2022-03-04,28.847584599771107
2022-03-05,21.41787057752443
2022-03-06,16.29130764981265
2022-03-07,25.335929601052886
2022-03-08,27.33324898967014
2022-03-09,17.068092102768805
2022-03-10,28.004343705303558
2022-03-11,18.261788399012623
2022-03-12,6.274022648092202
2022-03-13,9.927959481689372
2022-03-14,15.99849778441591
2022-03-15,13.357450400466389
2022-03-16,23.797713826048007
2022-03-17,11.127851359275077
2022-03-18,9.80606603039108
2022-03-19,12.184650865375874
2022-03-20,15.473909634749507
2022-03-21,18.69464935905099
2022-03-22,17.280669783229737
2022-03-23,41.388756800216996
2022-03-24,37.01391424377124
2022-03-25,29.53254481483727
2022-03-26,18.056821201361146
2022-03-27,11.082700791640375
2022-03-28,20.057113429894727
2022-03-29,26.04568408611392
2022-03-30,18.033978115716035
2022-03-31,28.299365904490703
2022-04-01,18.384149055832655
2022-04-02,12.63460326031975
2022-04-03,11.029902411494687
2022-04-04,26.675321931700328
2022-04-05,11.90278106808097
2022-04-06,29.721004659273085
2022-04-07,22.72775082811823
2022-04-08,14.65510802846169
2022-04-09,12.813799335154881
2022-04-10,7.50967528285242
2022-04-11,27.28241210637983
2022-04-12,24.59181506461567
2022-04-13,12.18957256048874
2022-04-14,9.241697317618957
2022-04-15,10.744667576406327
2022-04-16,6.973606532082158
2022-04-17,5.8048216055586055
2022-04-18,21.12346576802481
2022-04-19,6.850543895297034
2022-04-20,12.521889147635203
2022-04-21,11.011484410908052
2022-04-22,15.020527856276622
2022-04-23,5.9232999844849035
2022-04-24,8.571651831040583
2022-04-25,22.91681042568498
2022-04-26,17.299960615412054
2022-04-27,22.451315536795267
2022-04-28,11.319890401896465
2022-04-29,14.482516071533077
2022-04-30,9.903227229704019
2022-05-01,27.437850948767863
2022-05-02,18.54904061346456
2022-05-03,10.97101842061425
2022-05-04,47.07504667218559
2022-05-05,44.86900350270997
2022-05-06,42.739420469908524
2022-05-07,16.302437255646815
2022-05-08,26.20436632126665
2022-05-09,98.7414055002732
2022-05-10,125.12662689277394
2022-05-11,292.5488342028789
2022-05-12,481.21396759361295
2022-05-13,193.7981286127336
2022-05-14,65.66586359799771
2022-05-15,57.06385646626478
2022-05-16,71.12236568525852
2022-05-17,41.1572799697372
2022-05-18,36.8874214118368
2022-05-19,61.173211560090664
2022-05-20,31.625887116194576
2022-05-21,23.008971037880848
2022-05-22,15.382095590248536
2022-05-23,22.037896334162504
2022-05-24,28.06382608346046
2022-05-25,20.148199507056926
2022-05-26,35.19842115498751
2022-05-27,57.51552635708347
2022-05-28,25.050119892566414
2022-05-29,14.573687729290487
2022-05-30,39.4902245178812
2022-05-31,146.27071583776896
2022-06-01,63.40992654409959
2022-06-02,69.42911817282045
2022-06-03,33.85934512350602
2022-06-04,22.2000664178191
2022-06-05,12.003542024986507
2022-06-06,34.18049771509578
2022-06-07,43.480014629556266
2022-06-08,91.64429775910352
2022-06-09,24.51351400422602
2022-06-10,40.62555822744717
2022-06-11,51.39482279935935
2022-06-12,83.88097141471417
2022-06-13,160.2962089091173
2022-06-14,130.3772543452608
2022-06-15,149.9483741792053
2022-06-16,75.20412797238964
2022-06-17,42.56988128184361
2022-06-18,52.684826028264645
2022-06-19,62.07538323735163
2022-06-20,41.27972642636307
2022-06-21,38.920304593432896
2022-06-22,32.76365779941048
2022-06-23,17.306699092539947
2022-06-24,26.57817177134062
2022-06-25,19.599096178988418
2022-06-26,25.00643873375211
2022-06-27,16.62466126082862
2022-06-28,15.283542839281392
2022-06-29,24.57814458994578
2022-06-30,30.358720865256913
2022-07-01,31.640269358442318
2022-07-02,16.056112522338104
2022-07-03,10.016107192516161
2022-07-04,19.86389773892854
2022-07-05,13.608557546155666
2022-07-06,15.935804168531575
2022-07-07,9.401031104895853
2022-07-08,16.48675386140165
2022-07-09,10.393962054996024
2022-07-10,9.026898338356771
2022-07-11,11.387078381492067
2022-07-12,13.697436988463203
2022-07-13,37.4153141037016
2022-07-14,15.837693569924053
2022-07-15,17.941889053422475
2022-07-16,13.202623731035228
2022-07-17,15.964004845844894
2022-07-18,28.73326085625667
2022-07-19,36.90758454262949
2022-07-20,41.62968203675158
2022-07-21,30.007616153810915
2022-07-22,19.80742404147092
2022-07-23,18.035520983454703
2022-07-24,25.038717857238254
2022-07-25,21.374446656341977
2022-07-26,16.251899143748716
2022-07-27,28.766596622679995
2022-07-28,24.402939477225875
2022-07-29,41.72794645847867
2022-07-30,36.94369625866027
2022-07-31,23.986773723459176
2022-08-01,14.924091468700352
2022-08-02,21.923729946099908
2022-08-03,12.086158411115761
2022-08-04,12.255982336906406
2022-08-05,8.380304755529119
2022-08-06,5.914307330085754
2022-08-07,4.891683467223749
2022-08-08,10.748029607625222
2022-08-09,10.52448241801227
2022-08-10,16.033502437177262
2022-08-11,10.395623602428941
2022-08-12,8.119364468235748
2022-08-13,13.309202841192374
2022-08-14,14.515816517884499
2022-08-15,15.770997502642413
2022-08-16,15.364047382237311
2022-08-17,17.95610526734394
2022-08-18,12.391386462897964
2022-08-19,40.79769851001494
2022-08-20,24.879408165721664
2022-08-21,16.404841455711306
2022-08-22,21.314105726683927
2022-08-23,13.606809676894942
2022-08-24,10.16089605068734
2022-08-25,8.737607167275193
2022-08-26,36.544192855581315
2022-08-27,22.171262016039133
2022-08-28,10.063943652611625
2022-08-29,11.574595564153631
2022-08-30,15.495617974154277
2022-08-31,12.992861781318275
2022-09-01,17.959150227088113
2022-09-02,9.652645494346675
2022-09-03,15.799660690653582
2022-09-04,14.281790938675977
2022-09-05,8.446591054483093
2022-09-06,24.579702649082282
2022-09-07,12.254339457373824
2022-09-08,11.055170647061766
2022-09-09,13.404602863067572
2022-09-10,21.725599412028476
2022-09-11,13.08196171110612
2022-09-12,17.650658210377077
2022-09-13,34.41735547679337
2022-09-14,15.98071358994006
2022-09-15,15.504977770588798
2022-09-16,11.575499292296946
2022-09-17,8.476052308319463
2022-09-18,11.792755048982253
2022-09-19,22.657655378996967
2022-09-20,11.258356485722409
2022-09-21,41.629231398057726
2022-09-22,20.064033134335524
2022-09-23,29.24890481629871
2022-09-24,12.117137088785249
2022-09-25,9.778448912072582
2022-09-26,16.07231320048695
2022-09-27,10.550742144900436
2022-09-28,11.845025379017216
2022-09-29,7.94751407280678
2022-09-30,6.647225759734913
2022-10-01,3.4236088295386997
2022-10-02,3.6265471292136664
2022-10-03,6.52968353335734
2022-10-04,4.631389493207764
2022-10-05,5.588433744110875
2022-10-06,4.797644528924089
2022-10-07,3.657297551669147
2022-10-08,1.4594888404470103
2022-10-09,1.608715493669241
2022-10-10,4.004815995930304
2022-10-11,13.89201595884385
2022-10-12,5.623148052214448
2022-10-13,36.803693953655504
2022-10-14,12.204709923240838
2022-10-15,6.953864587922856
2022-10-16,5.275344825186571
2022-10-17,5.694248311672008
2022-10-18,6.4695421708376
2022-10-19,6.412133555481313
2022-10-20,8.515557080574773
2022-10-21,12.978244820541434
2022-10-22,5.246601352217478
2022-10-23,6.00437974833251
2022-10-24,10.553995110128387
2022-10-25,33.58184357297182
2022-10-26,23.07944514942027
2022-10-27,20.615549137927616
2022-10-28,13.043256311264365
2022-10-29,29.38051298402805
2022-10-30,16.81692714497412
2022-10-31,17.689718628094756
2022-11-01,8.869004435133176
2022-11-02,25.358923504698105
2022-11-03,10.389504533112325
2022-11-04,25.357307777347174
2022-11-05,16.950579184755778
2022-11-06,17.813578801801814
2022-11-07,16.303362645679698
2022-11-08,109.15209432268198
2022-11-09,145.21800642557972
2022-11-10,158.56491223171233
2022-11-11,47.30435064354099
2022-11-12,16.34363923558954
2022-11-13,20.037448855522978
2022-11-14,49.238577651943636
2022-11-15,14.652393485689682
2022-11-16,11.348734676701032
2022-11-17,9.687105871701641
2022-11-18,8.572035853965602
2022-11-19,5.070288139669358
2022-11-20,9.097752554365288
2022-11-21,23.920698543677307
2022-11-22,11.798797390888573
2022-11-23,11.590367323630472
2022-11-24,6.019885527470257
2022-11-25,7.414907179026912
2022-11-26,6.394009171373037
2022-11-27,3.289336753031762
2022-11-28,12.642917953105796
2022-11-29,4.127361256934198
2022-11-30,12.045041622552244
2022-12-01,6.27363618415058
2022-12-02,5.265167592684098
2022-12-03,5.289661830494744
2022-12-04,3.7806569783527775
2022-12-05,5.25203905846081
2022-12-06,2.504631065700391
2022-12-07,5.257941279788835
2022-12-08,3.6676682784414507
2022-12-09,3.021616400651389
2022-12-10,1.1852950823472017
2022-12-11,1.70862629831622
2022-12-12,7.3272688668685495
2022-12-13,8.667827055164063
2022-12-14,7.089572494662141
2022-12-15,5.944924335331117
2022-12-16,14.834962418292463
2022-12-17,81.90834772476141
2022-12-18,4.876282428285822
2022-12-19,13.322664079448117
2022-12-20,7.741240658019018
2022-12-21,6.831058672971335
2022-12-22,5.5844011569955
2022-12-23,8.355797788115993
2022-12-24,1.3302567412758537
2022-12-25,3.0781716657852933
2022-12-26,3.540317801658608
2022-12-27,3.119231846390432
2022-12-28,7.05514879099422
2022-12-29,5.841774644389479
2022-12-30,5.151089908531781
2022-12-31,2.934666214278874
2023-01-01,2.528991189044242
2023-01-02,6.2218715475914586
2023-01-03,3.5414064573639266
2023-01-04,10.749678459296568
2023-01-05,6.275067424507065
2023-01-06,13.089839538908308
2023-01-07,4.861580565456533
2023-01-08,11.7822938977192
2023-01-09,66.77838125069356
2023-01-10,14.809331273791129
2023-01-11,9.565439292820043
2023-01-12,25.939396137172107
2023-01-13,12.363266842849411
2023-01-14,57.67543027252599
2023-01-15,22.476832044023347
2023-01-16,26.945983056536612
2023-01-17,8.433492932981315
2023-01-18,37.977662217012416
2023-01-19,11.792134224716252
2023-01-20,11.19893804829356
2023-01-21,29.378709212158032
2023-01-22,29.383075448469366
2023-01-23,18.32993052020907
2023-01-24,10.150478126399369
2023-01-25,25.568403144952082
2023-01-26,22.17826156981616
2023-01-27,14.343675614060354
2023-01-28,11.322835870848857
2023-01-29,8.48222302365579
2023-01-30,12.428078554272163
2023-01-31,12.30725170310201
2023-02-01,17.142577469886135
2023-02-02,18.09239161620752
2023-02-03,10.661682996268015
2023-02-04,3.7650732191038974
2023-02-05,7.848862667036964
2023-02-06,9.5792196691707
2023-02-07,10.884761975372768
2023-02-08,9.063632304679071
2023-02-09,17.408799534281247
2023-02-10,17.548513125969965
2023-02-11,6.309080837734624
2023-02-12,4.525885813972659
2023-02-13,15.394517697899463
2023-02-14,15.947734239476135
2023-02-15,9.240444042022062
2023-02-16,22.861895137559582
2023-02-17,13.060649110735135
2023-02-18,13.514571183511537
2023-02-19,8.592706450928494
2023-02-20,9.764787102821273
2023-02-21,11.763845933110577
2023-02-22,11.56354068778057
2023-02-23,8.042267266312336
2023-02-24,17.5026238874013
2023-02-25,9.180831649356245
2023-02-26,5.2206768095204605
2023-02-27,7.79715312946783
2023-02-28,7.786960542927358
2023-03-01,7.174994823558808
2023-03-02,6.340206726400603
2023-03-03,16.665406158310702
2023-03-04,5.521445085905041
2023-03-05,7.1433065181152795
2023-03-06,7.636157748523947
2023-03-07,9.322583652793268
2023-03-08,11.634641627680226
2023-03-09,19.977022475885363
2023-03-10,20.158170422741254
2023-03-11,18.64222766925832
2023-03-12,12.345362299098317
2023-03-13,34.5684600711485
2023-03-14,38.34213740108631
2023-03-15,26.39579800314059
2023-03-16,23.1154695815657
2023-03-17,22.241522559791143
2023-03-18,25.667707353209057
2023-03-19,15.117482653486448
2023-03-20,15.337804498882699
2023-03-21,35.864747150300516
2023-03-22,51.0672877251342
2023-03-23,18.76812453445102
2023-03-25,8.695378466935855
2023-03-26,5.989892633053492
2023-03-27,17.722967036361677
2023-03-28,12.218842990769483
2023-03-29,15.114666576760376
2023-03-30,15.68404719382758
2023-03-31,22.18410638048215
2023-04-01,9.626608131563724
2023-04-02,8.479801081904546
2023-04-03,24.222031512364158
2023-04-04,14.831891117750573
2023-04-05,10.753563486328932
2023-04-06,6.329355048737443
2023-04-07,5.521144279906457
2023-04-08,4.744565165485933
2023-04-09,4.4737376805559625
2023-04-10,3.4276880678821886
2023-04-11,8.0297840107993
2023-04-12,13.190593664374664
2023-04-13,16.642707795914557
2023-04-14,24.81337350727665
2023-04-15,12.748578055745456
2023-04-16,8.125538832031982
2023-04-17,10.622606318423687
2023-04-18,6.47301327236678
2023-04-19,18.725074498805217
2023-04-20,15.185853294829066
2023-04-21,15.17565699483312
2023-04-22,5.890560595168806
2023-04-23,7.908122040384673
2023-04-24,10.326214001476734
2023-04-25,8.70516056802216
2023-04-26,20.889593529989508
2023-04-27,20.010572786485852
2023-04-28,6.898148020142559
2023-04-29,2.6018629172444165
2023-04-30,7.343858801141482
2023-05-01,8.649458036202017
2023-05-02,5.047788430928062
2023-05-03,5.977979518237957
2023-05-04,6.470950743912179
2023-05-05,6.157771793907156
2023-05-06,5.579671158020212
2023-05-07,3.1942536749084995
2023-05-08,25.36196375460932
2023-05-09,7.077570877160102
2023-05-10,18.876044364904935
2023-05-11,10.699386947563294
2023-05-12,10.565328487470156
2023-05-13,4.622962104101483
2023-05-14,2.543207840094907
2023-05-15,4.4227633050641
2023-05-16,4.273905367700079
2023-05-17,7.112888349881406
2023-05-18,6.836985122321595
2023-05-19,4.757564428198139
2023-05-20,2.0058165229549063
2023-05-21,3.612060274845377
2023-05-22,5.464938334059275
2023-05-23,3.2927762989067904
2023-05-24,6.1581208259996405
2023-05-25,4.6310855227466705
2023-05-26,3.6239507073210193
2023-05-27,2.3409116538996058
2023-05-28,7.625636093308883
2023-05-29,5.673557672361608
2023-05-30,3.7062357978185094
2023-05-31,4.886126300256922
2023-06-01,3.794751611774667
2023-06-02,4.535725820972141
2023-06-03,1.8307892778538388
2023-06-04,1.7538545869833249
2023-06-05,18.012098829090263
2023-06-06,13.499324422537887
2023-06-07,15.53712094737659
2023-06-08,10.15260420138677
2023-06-09,14.259368636764977
2023-06-10,250.38348647171284
2023-06-11,36.70827394660669
2023-06-12,27.442081739035306
2023-06-13,24.543663913547373
2023-06-14,18.154367313700845
2023-06-15,20.054993329406923
2023-06-16,10.59197131162114
2023-06-17,9.695256912444396
2023-06-18,8.234340410774331
2023-06-19,7.36845844149098
2023-06-20,10.879224629124018
2023-06-21,17.780540790235904
2023-06-22,30.938609966628565
2023-06-23,12.91596549899468
2023-06-24,10.942603603267312
2023-06-25,11.543887861615639
2023-06-26,12.032451429219892
2023-06-27,9.365850737289692
2023-06-28,18.761576622143366
2023-06-29,8.701507488195992
2023-06-30,45.90003989014747
2023-07-01,8.927755377631934
2023-07-02,10.339082892945001
2023-07-03,9.478808100926479
2023-07-04,8.609918634033015
2023-07-05,9.40620044530143
2023-07-06,13.770992950052275
2023-07-07,8.854907445486523
2023-07-08,6.777776106802775
2023-07-09,3.882425090043585
2023-07-10,7.850676218172378
2023-07-11,6.079465469926303
2023-07-12,5.143176398887515
2023-07-13,75.11807856048924
2023-07-14,69.62961459306695
2023-07-15,10.003761941760883
2023-07-16,10.53011107393259
2023-07-17,18.737587951167736
2023-07-18,10.91413489200584
2023-07-19,16.9355076934941
2023-07-20,19.330621253309268
2023-07-21,5.837127074645294
2023-07-22,4.2506295729924
2023-07-23,5.099465645253511
2023-07-24,13.469500992742383
2023-07-25,5.280699941670652
2023-07-26,7.64084501639192
2023-07-27,4.192232511758954
2023-07-28,3.5223051893948436
2023-07-29,1.8998453908315829
2023-07-30,4.55461352428792
2023-07-31,5.271954340559037
2023-08-01,7.368414568221953
2023-08-02,4.921249248848367
2023-08-03,4.981906256694145
2023-08-04,5.132071485860975
2023-08-05,2.881137200482372
2023-08-06,2.179690779010584
2023-08-07,7.153774442715671
2023-08-08,5.677648520180753
2023-08-09,4.875033315684895
2023-08-10,3.335702451527058
2023-08-11,1.5193380150355507
2023-08-12,1.1519418621659019
2023-08-13,1.180022802432434
2023-08-14,2.0814666639269346
2023-08-15,15.875438429153364
2023-08-16,11.196348290349892
2023-08-17,10.267295597598203
2023-08-18,130.09522852712837
2023-08-19,4.756695381570194
2023-08-20,4.365350306327812
2023-08-21,6.465749599565088
2023-08-22,5.779201891496508
2023-08-23,7.938379923927962
2023-08-24,4.523507981302077
2023-08-25,15.371571652806193
2023-08-26,2.453792930574846
2023-08-27,2.2558580806512625
2023-08-28,4.808365782151336
2023-08-29,12.35128401935847
2023-08-30,5.783206654480094
2023-08-31,6.320987899017291
2023-09-01,6.445741859107012
2023-09-02,2.399801405947433
2023-09-03,2.1178557261359923
2023-09-04,2.8092534645483207
2023-09-05,3.6029003062974305
2023-09-06,3.5141478813103717
2023-09-07,2.075837462326904
2023-09-08,3.8404171980807464
2023-09-09,1.082682352405624
2023-09-10,8.105632262563601
2023-09-11,8.70475552680603
2023-09-12,7.467344379214292
2023-09-13,6.550255880628211
2023-09-14,4.740530091049336
2023-09-15,3.666996162815915
2023-09-16,4.0713967931044746
2023-09-17,4.015509126638483
2023-09-18,5.835856333692688
2023-09-19,4.478950984893724
2023-09-20,6.639614608670751
2023-09-21,4.044518418072531
2023-09-22,2.6548887041750966
2023-09-23,1.8927290212884391
2023-09-24,1.402768607164324
2023-09-25,3.2683507580347735
2023-09-26,1.8433040686593625
2023-09-27,2.3856875700737246
2023-09-28,3.620080126841934
2023-09-29,4.222022722257826
2023-09-30,2.459390434626442
2023-10-01,4.130563453018873
2023-10-02,10.131957626680277
2023-10-03,6.304484342984018
2023-10-04,6.815405700849328
2023-10-05,4.940926782187839
2023-10-06,3.647092346159971
2023-10-07,2.786374245394504
2023-10-08,1.9512618668788324
2023-10-09,7.049106604452168
2023-10-10,3.561733873244277
2023-10-11,6.359955297597951
2023-10-12,2.7263980378693233
2023-10-13,1.7699804194579214
2023-10-14,1.6963725353387604
2023-10-15,1.3704800591213178
2023-10-16,11.137953935678384
2023-10-17,2.4858738052234255
2023-10-18,2.4099032758553207
2023-10-19,4.36786689087437
2023-10-20,3.9824413378807137
2023-10-21,4.237550507518435
2023-10-22,5.246172928323016
2023-10-23,10.00563081684042
2023-10-24,32.51906112941728
2023-10-25,14.744872071596317
2023-10-26,24.776182336875078
2023-10-27,12.704680850397516
2023-10-28,5.08596134231994
2023-10-29,5.79125800168045
2023-10-30,7.781643694423723
2023-10-31,14.198322533423735
2023-11-01,13.34702262584325
2023-11-02,28.11454736515437
2023-11-03,23.50380583347573
2023-11-04,7.422441913925844
2023-11-05,16.374884036855057
2023-11-06,21.43156754803553
2023-11-07,19.587962395440634
2023-11-08,10.656360725307186
2023-11-09,62.721428594910996
2023-11-10,24.071433613519446
2023-11-11,19.358264867496207
2023-11-12,18.868796314639823
2023-11-13,22.208909363546365
2023-11-14,28.956568388293803
2023-11-15,17.794822160001832
2023-11-16,47.38701239154712
2023-11-17,32.27217930900708
2023-11-18,15.183879134304131
2023-11-19,14.549445838188726
2023-11-20,15.541326037694335
2023-11-21,24.49978069672366
2023-11-22,15.926546953918168
2023-11-23,7.006469450687501
2023-11-24,11.421570252281818
2023-11-25,5.536906570859247
2023-11-26,5.481121988687208
2023-11-27,10.277178221674365
2023-11-28,8.449996515003022
2023-11-29,7.457292249172063
2023-11-30,5.271544735547003
2023-12-01,3.334677774989548
2023-12-02,3.3832649996761073
2023-12-03,5.004916035827744
2023-12-04,18.043921600826607
2023-12-05,15.309496037900841
2023-12-06,31.826471988149482
2023-12-07,21.29288155154888
2023-12-08,63.388613161491875
2023-12-09,103.99838942325546
2023-12-10,40.32554817114465
2023-12-11,111.49542534063252
2023-12-12,53.14553785182506
2023-12-13,65.5514346934274
2023-12-14,52.83491242768264
2023-12-15,29.852769242157482
2023-12-16,18.813745993167093
2023-12-17,21.05984888095944
2023-12-18,25.04519742689272
2023-12-19,23.696498833426276
2023-12-20,22.676006139913568
2023-12-21,22.675870444185044
2023-12-22,25.311389242039187
2023-12-23,9.918064122690707
2023-12-24,17.661168697154547
2023-12-25,16.923297076472707
2023-12-26,57.19882213933282
2023-12-27,22.15439408222591
2023-12-28,45.185566545012186
2023-12-29,19.448848272884813
2023-12-30,8.939912386880135
2023-12-31,6.509835546040084
2024-01-01,8.219759075818393
2024-01-02,15.154610270737859
2024-01-03,155.18160904457676
2024-01-04,17.688272775938486
2024-01-05,24.2174891621806
2024-01-06,13.365256808589796
2024-01-07,13.884129213972956
2024-01-08,43.060818158862226
2024-01-09,38.50357273786567
2024-01-10,40.808841808540755
2024-01-11,61.98461308529126
2024-01-12,33.011085737681974
2024-01-13,17.24937112161788
2024-01-14,9.513746275870213
2024-01-15,9.38445400952454
2024-01-16,11.083122428773324
2024-01-17,7.717781510205334
2024-01-18,14.110522416686855
2024-01-19,15.96066661679081
2024-01-20,10.515935578545546
2024-01-21,4.427416241401833
2024-01-22,15.749295198942606
2024-01-23,27.260862497292866
2024-01-24,12.772512135148267
2024-01-25,10.713006809674317
2024-01-26,7.85966420873111
2024-01-27,3.529106011900994
2024-01-28,8.767309989088268
2024-01-29,12.174775735006328
2024-01-30,14.183728490568784
2024-01-31,21.858701150933918
2024-02-01,8.121448306060813
2024-02-02,10.223571992854145
2024-02-03,5.674379030325036
2024-02-04,4.6182995442073835
2024-02-05,6.902548640835928
2024-02-06,5.990794663376958
2024-02-07,11.349261049216214
2024-02-08,15.721960471348886
2024-02-09,13.893801739135474
2024-02-10,7.993155376957887
2024-02-11,11.759743678636976
2024-02-12,11.151941063909145
2024-02-13,12.610152961034366
2024-02-14,9.08846840204048
2024-02-15,20.966975114774197
2024-02-16,16.859628356158353
2024-02-17,9.962348257683743
2024-02-18,15.758185363763673
2024-02-19,15.711163024473818
2024-02-20,34.94457916466747
2024-02-21,15.774902646434558
2024-02-22,13.657238939748936
2024-02-23,16.8380178981629
2024-02-24,10.23655234534779
2024-02-25,5.7287356683870145
2024-02-26,12.357032352219852
2024-02-27,19.356989210782277
2024-02-28,45.789810835258066
2024-02-29,45.45375957652648
2024-03-01,30.15283693122275
2024-03-02,42.56381686982387
2024-03-03,24.00219230221619
2024-03-04,55.8025139997506
2024-03-05,125.97311852806511
2024-03-06,45.28018787174559
2024-03-07,33.41467590630667
2024-03-08,38.897087346852636
2024-03-09,8.468613170914137
2024-03-10,10.72700853031368
2024-03-11,31.87017233525432
2024-03-12,27.873048689921216
2024-03-13,12.574348452749486
2024-03-14,47.065967919991
2024-03-15,59.51217008602899
2024-03-16,35.0710045481902
2024-03-17,33.13068706183082
2024-03-18,38.26388283839011
2024-03-19,67.61870864884425
2024-03-20,43.26544331771247
2024-03-21,28.911912176218664
2024-03-22,19.33194965235823
2024-03-23,12.256970332528756
2024-03-24,9.064369571471984
2024-03-25,12.228574883089072
2024-03-26,13.568397838081195
2024-03-27,15.101143344796677
2024-03-28,10.62983809326772
2024-03-29,13.45352446970033
2024-03-30,7.869892834053732
2024-03-31,3.0770767445138016
2024-04-01,14.897847445540656
2024-04-02,24.893759079405985
2024-04-03,16.653317139351305
2024-04-04,12.31032881108453
2024-04-05,14.693576024252664
2024-04-06,4.489380446483711
2024-04-07,5.623794618199294
2024-04-08,8.41392054663882
2024-04-09,14.020261220845237
2024-04-10,21.43687588925467
2024-04-11,10.679072081318726
2024-04-12,109.02205396496406
2024-04-13,169.9227725490653
2024-04-14,100.09713219979211
2024-04-15,44.96847303451416
2024-04-16,46.213472904325805
2024-04-17,31.800225889975316
2024-04-18,27.723281139672984
2024-04-19,39.650928269792146
2024-04-20,23.450539434359584
2024-04-21,13.205648740389606
2024-04-22,17.251752717548385
2024-04-23,13.211478994090687
2024-04-24,16.963573727657586
2024-04-25,14.896257732103031
2024-04-26,16.079776187554945
2024-04-27,13.825708906069416
2024-04-28,5.649054592909639
2024-04-29,13.252995657237179
2024-04-30,16.68742277519746
2024-05-01,28.82861257712412
2024-05-02,13.94511598783804
2024-05-03,10.265733092178706
2024-05-04,6.1852430085979835
2024-05-05,5.706993953109155
2024-05-06,12.384133353208748
2024-05-07,7.837994139966083
2024-05-08,23.876994545512225
2024-05-09,10.705706626806888
2024-05-10,9.038046187820658
2024-05-11,4.81867212410633
2024-05-12,2.465058377539539
2024-05-13,16.774109580215526
2024-05-14,9.170098473960945
2024-05-15,11.486868892929456
2024-05-16,9.24596383494154
2024-05-17,11.106736406050683
2024-05-18,4.206130356890787
2024-05-19,4.948132445084182
2024-05-20,15.837688584778487
2024-05-21,16.716473781578834
2024-05-22,9.899198307339297
2024-05-23,21.227894940893364
2024-05-24,9.726696401104064
2024-05-25,3.322172933582721
2024-05-26,3.691416208301724
2024-05-27,6.5683901084589165
2024-05-28,11.21733881084165
2024-05-29,7.679000824416795
2024-05-30,7.858833366367077
2024-05-31,5.290407878641711
2024-06-01,1.7110327012277662
2024-06-02,4.5083208466586395
2024-06-03,5.575189310335778
2024-06-04,4.182136082328279
2024-06-05,2.509579972652087
2024-06-06,2.7880699260788386
2024-06-07,114.53548740289136
2024-06-08,5.855379078574215
2024-06-09,2.8609071684282172
2024-06-10,8.871418241276512
2024-06-11,15.932367090736648
2024-06-12,15.7084641542552
2024-06-13,8.511356889214062
2024-06-14,13.07106046669392
2024-06-15,4.693547878933681
2024-06-16,2.340310271894131
2024-06-17,24.863136027462073
2024-06-18,77.98019692648472
2024-06-19,11.00973108836956
2024-06-20,10.361827303069596
2024-06-21,10.485869864728906
2024-06-22,10.63642939486173
2024-06-23,7.32804475122722
2024-06-24,18.208920255247943
2024-06-25,8.333835949102266
2024-06-26,8.650016158491558
2024-06-27,8.622384038117561
2024-06-28,11.291892710154741
2024-06-29,8.94072910402167
2024-06-30,5.132745871003637
2024-07-01,8.616131852355695
2024-07-02,6.254608469212739
2024-07-03,11.692200150604696
2024-07-04,22.321374140751104
2024-07-05,87.8490658657228
2024-07-06,15.50835145455789
2024-07-07,12.892493153373572
2024-07-08,46.23552190947784
2024-07-09,13.167604677953467
2024-07-10,8.360631285311399
2024-07-11,16.47699322879459
2024-07-12,14.707271824806257
2024-07-13,11.509497521485123
2024-07-14,10.126930110771292
2024-07-15,13.709112471763163
2024-07-16,19.250705230741115
2024-07-17,12.969433594242826
2024-07-18,13.215439951266928
2024-07-19,11.59726787676073
2024-07-20,6.165730041190032
2024-07-21,9.393957901656908
2024-07-22,10.283057922502561
2024-07-23,11.980753639858504
2024-07-24,10.243921668532272
2024-07-25,23.270068986409765
2024-07-26,9.417495637397195
2024-07-27,10.002913767008609
2024-07-28,7.539210518505047
2024-07-29,11.513569404251488
2024-07-30,9.020398538741926
2024-07-31,11.167454596888858
2024-08-01,18.520494464438336
2024-08-02,23.600515194833196
2024-08-03,18.69228350356
2024-08-04,23.696928563503523
2024-08-05,211.84437471624878
2024-08-06,40.50584650467418
2024-08-07,30.6401713490504
2024-08-08,25.860766899290784
2024-08-09,17.353649996372496
2024-08-10,5.678922264980599
2024-08-11,7.969207018585781
2024-08-12,21.377551899044057
2024-08-13,9.784337611824062
2024-08-14,8.401999049332257
2024-08-15,11.100100042388323
2024-08-16,25.4782524687187
2024-08-17,3.667980361603494
2024-08-18,3.963708962003431
2024-08-19,8.908340096995307
2024-08-20,7.118627609841845
2024-08-21,16.94371141716518
2024-08-22,7.561960992993921
2024-08-23,20.273005175477834
2024-08-24,7.813362899671065
2024-08-25,12.966412076486485
2024-08-26,12.583710696233252
2024-08-27,10.083873338827953
2024-08-28,37.65905191934772
2024-08-29,12.122968245503962
2024-08-30,15.730048137473318
2024-08-31,3.616154059111075
2024-09-01,9.026514542260136
2024-09-02,13.69999313021626
2024-09-03,8.803058088439805
2024-09-04,27.37873393980231
2024-09-05,17.166915256689407
2024-09-06,20.588145756171407
2024-09-07,6.91355787964367
2024-09-08,7.466543007813071
2024-09-09,12.56236078848305
2024-09-10,7.381390259582042
2024-09-11,12.854627556195597
2024-09-12,11.23832526414451
2024-09-13,6.3046232287220985
2024-09-14,3.43367950912289
2024-09-15,4.164688389437848
2024-09-16,7.1975321130743
2024-09-17,7.053692322205836
2024-09-18,9.217628761632644
2024-09-19,8.25183608643997
2024-09-20,7.141468374689269
2024-09-21,4.573214883411244
2024-09-22,4.791552256845817
2024-09-23,12.663446561412755
2024-09-24,13.694117330582978
2024-09-25,8.903751300833866
2024-09-26,10.628295606030921
2024-09-27,10.567335096719946
2024-09-28,6.198245215331511
2024-09-29,5.724980120996985
2024-09-30,9.639098623691714
2024-10-01,26.629405104011738
2024-10-02,24.35198908013554
2024-10-03,18.97464009640426
2024-10-04,10.855097341915451
2024-10-05,4.91517666496029
2024-10-06,5.966829942317476
2024-10-07,11.745774352992154
2024-10-08,12.01750056932188
2024-10-09,7.8360702604559584
2024-10-10,8.695158908502528
2024-10-11,6.345551655346729
2024-10-12,3.6922498990599344
2024-10-13,6.686719876113122
2024-10-14,9.881635464832899
2024-10-15,21.61599003300133
2024-10-16,10.483450961746653
2024-10-17,8.68718844089125
2024-10-18,6.192066210213873
2024-10-19,3.80700266013545
2024-10-20,4.768579458735685
2024-10-21,11.988816431678227
2024-10-22,14.970668544305983
2024-10-23,12.742795995130965
2024-10-24,7.599099482388303
2024-10-25,12.221068675916058
2024-10-26,34.55575926116799
2024-10-27,3.2671124886821703
2024-10-28,11.00229626974991
2024-10-29,7.488355906784977
2024-10-30,11.002864673158093
2024-10-31,11.508195293019087
2024-11-01,18.081093437809184
2024-11-02,10.49069676967037
2024-11-03,12.407061986948587
2024-11-04,8.416474933691987
2024-11-05,8.12351162729669
2024-11-06,20.414275875888393
2024-11-07,22.47767014484492
2024-11-08,71.9391810601271
2024-11-09,21.354109543122004
2024-11-10,223.59940726516896
2024-11-11,105.16396873980608
2024-11-12,132.39538367374638
2024-11-13,114.17529683565546
2024-11-14,50.3331984570978
2024-11-15,183.16211334753103
2024-11-16,179.97154314290762
2024-11-17,66.3698554017602
2024-11-18,60.36273891483996
2024-11-19,37.68650223961136
2024-11-20,77.70248592726183
2024-11-21,50.00028033083666
2024-11-22,103.86921690146524
2024-11-23,151.46052642234397
2024-11-24,86.72824091965838
2024-11-25,81.78939494948295
2024-11-26,84.92079930062373
2024-11-27,59.822728291320416
2024-11-28,31.78446425560625
2024-11-29,39.94513213354421
2024-11-30,40.33127056303574
2024-12-01,32.5353701540672
2024-12-02,157.20757816789202
2024-12-03,136.75867334178795
2024-12-04,48.31716490078842
2024-12-05,68.43897184279086
2024-12-06,51.68590791837194
2024-12-07,18.000524264074546
2024-12-08,15.793655115165809
2024-12-09,218.33737409411654
2024-12-10,139.81859208410043
2024-12-11,47.061255898287165
2024-12-12,40.343800834849624
2024-12-13,25.018859501442876
2024-12-14,14.50780782762875
2024-12-15,15.586216670021043
2024-12-16,31.76324415567022
2024-12-17,27.476854169753203
2024-12-18,53.775317561404236
2024-12-19,87.21591657687928
2024-12-20,126.176475143011
2024-12-21,54.675833281325694
2024-12-22,40.0551532692722
2024-12-23,48.839692415455936
2024-12-24,21.631622205427224
2024-12-25,15.101418686140656
2024-12-26,19.611187992084027
2024-12-27,26.99229833470952
2024-12-28,11.24777125480576
2024-12-29,9.724896479361936
2024-12-30,27.554364997665687
2024-12-31,16.19468465219053
2025-01-01,19.911682544768826
2025-01-02,23.79407555402495
2025-01-03,48.16634548022899
2025-01-04,16.349444625298528
2025-01-05,27.91483493212267
2025-01-06,20.360063470018616
2025-01-07,39.022609931502615
2025-01-08,63.34628420746033
2025-01-09,43.36818164663387
2025-01-10,49.7838138651207
2025-01-11,15.98251513320608
2025-01-12,18.894504203794977
2025-01-13,46.19167993504581
2025-01-14,23.89291501435082
2025-01-15,66.09420254558012
2025-01-16,49.75963492523409
2025-01-17,29.601330670372842
2025-01-18,32.9270097364618
2025-01-19,47.568470052396805
2025-01-20,131.51416921915933
2025-01-21,42.38903718015084
2025-01-22,16.61725139151971
2025-01-23,32.44389858948969
2025-01-24,14.604596759754221
2025-01-25,7.748916059916902
2025-01-26,4.817526130749326
2025-01-27,56.52375039934477
2025-01-28,18.370616469985436
2025-01-29,29.92681869594784
2025-01-30,13.503257420403633
2025-01-31,13.198946311585763
2025-02-01,10.996182582997859
2025-02-02,45.9750007908146
2025-02-03,443.46299582458687
2025-02-04,84.94696285960752
2025-02-05,39.01155201668182
2025-02-06,36.307223433853856
2025-02-07,34.63452912675604
2025-02-08,14.982138559938203
2025-02-09,17.28130167858844
2025-02-10,33.200271700953905
2025-02-11,65.18283557094963
2025-02-12,64.83175822419551
2025-02-13,26.491868537567875
2025-02-14,25.735544632900705
2025-02-15,11.672460326873201
2025-02-16,9.92681468059063
2025-02-17,31.539659375722287
2025-02-18,29.89109931216187
2025-02-19,25.30812275295391
2025-02-20,14.125142967921457
2025-02-21,25.89468739857404
2025-02-22,10.952572951372664
2025-02-23,6.1569437886301275
2025-02-24,29.602122641657626
2025-02-25,92.40959041691143
2025-02-26,38.43643901222829
2025-02-27,24.718769745836113
2025-02-28,56.70481852009525
2025-03-01,16.602444305436922
2025-03-02,588.1098422501843
2025-03-03,218.8971765292733
2025-03-04,298.3079456100708
2025-03-05,88.97320463104188
2025-03-06,46.66740634783241
2025-03-07,104.52378494073841
2025-03-08,29.068791932779845
2025-03-09,38.41503059881981
2025-03-10,86.15178079686117
2025-03-11,60.97070414939691
2025-03-12,36.81984288289944
2025-03-13,25.161430944787362
2025-03-14,14.836415349749224
2025-03-15,9.452529171266201
2025-03-16,13.372002519141185
2025-03-17,13.47636058072304
2025-03-18,13.245488962767832
2025-03-19,23.966411134827755
2025-03-20,17.061077207938784
2025-03-21,10.801412751175043
2025-03-22,4.170585695052035
2025-03-23,5.601096539854246
2025-03-24,10.531451947496707
2025-03-25,17.672766787843553
2025-03-26,15.135727492191627
2025-03-27,10.403748987206857
2025-03-28,13.606585492043013
2025-03-29,15.567871447914065
2025-03-30,8.520459944914547
2025-03-31,28.45365344630949
2025-04-01,12.4587616805187
2025-04-02,27.316747541072214
2025-04-03,25.799514712480605
2025-04-04,28.276771819274856
2025-04-05,7.733273171421292
2025-04-06,17.838144171357648
2025-04-07,121.97675260151242
2025-04-08,36.54372118259351
2025-04-09,75.54143491015171
2025-04-10,26.356725155540627
2025-04-11,18.80662962452126
2025-04-12,13.154430368759378
2025-04-13,21.421338448043915
2025-04-14,24.424759517632165
2025-04-15,14.464879515436964
2025-04-16,18.979331103558263
2025-04-17,9.693895212115212
2025-04-18,4.810274835120218
2025-04-19,4.777097764624666
2025-04-20,4.066620814744908
2025-04-21,13.521416759225373
2025-04-22,11.565025981556348
2025-04-23,29.015114452482166
2025-04-24,22.948084540914927
2025-04-25,15.10062229018757
2025-04-26,11.130995646970025
2025-04-27,13.667266760514304
2025-04-28,17.802365819354964
2025-04-29,10.681040361218864
2025-04-30,13.703961915180654
2025-05-01,8.786549968076383
2025-05-02,12.542158146324386
2025-05-03,12.9922516466373
2025-05-04,12.42096850334715
2025-05-05,14.259382480620605
2025-05-06,15.051657652227535
2025-05-07,15.17875180633687
2025-05-08,17.53159513338993
2025-05-09,46.93096297563652
2025-05-10,25.37233476764914
2025-05-11,32.34208515602911
2025-05-12,47.98285707471365
2025-05-13,22.815493594744265
2025-05-14,20.196807964575854
2025-05-15,31.718776539453494
2025-05-16,21.95276350439684
2025-05-17,26.238207870258137
2025-05-18,18.32504957154512
2025-05-19,21.45050329192264
2025-05-20,11.62767995581221
2025-05-21,24.077293832230275
2025-05-22,13.279855766131556
2025-05-23,26.08982437706276
2025-05-24,11.130904353848807
2025-05-25,11.53110930094183
2025-05-26,9.80762238046246
2025-05-27,8.29313250271379
2025-05-28,9.834395141021176
2025-05-29,10.484603194073182
2025-05-30,27.339135311097248
2025-05-31,27.268439200251542
2025-06-01,11.645770339316568
2025-06-02,13.518351963049732
2025-06-03,11.55779575879897
2025-06-04,10.565633893452251
2025-06-05,24.08951421547755
2025-06-06,14.724327246192704
2025-06-07,6.440466362787635
2025-06-08,7.834500585634558
2025-06-09,8.28679438359539
2025-06-10,17.422788374202476
2025-06-11,17.044050477018725
2025-06-12,12.960961432624734
2025-06-13,27.386010781249016
2025-06-14,6.842654807039038
2025-06-15,5.1466034556815
2025-06-16,8.420275844410302
2025-06-17,18.0186450876885
2025-06-18,20.34146971858093
2025-06-19,9.372352004451422
2025-06-20,15.569848126570742
2025-06-21,7.718242114063215
2025-06-22,47.23455436464153
2025-06-23,23.2892580077862
2025-06-24,16.416669912804004
2025-06-25,12.64968445011805
2025-06-26,11.931052884395859
2025-06-27,11.035398221379275
2025-06-28,3.644863658232428
2025-06-29,3.129117248218292
2025-06-30,18.59577621154877
2025-07-01,12.519606363224817
2025-07-02,13.019503715804753
2025-07-03,16.197371888744886
2025-07-04,9.071895037662474
2025-07-05,5.05623846719527
2025-07-06,4.509582059209438
2025-07-07,9.76183289129174
2025-07-08,8.00097133617401
2025-07-09,12.617514007770891
2025-07-10,13.018823202076026
2025-07-11,49.47418212246482
2025-07-12,30.082597708638474
2025-07-13,21.44255060791455
2025-07-14,27.055786252851615
2025-07-15,27.52944209563576
2025-07-16,18.91623303154969
2025-07-17,41.538848691346516
2025-07-18,52.46282603435273
2025-07-19,19.059148091702983
2025-07-20,19.390722362940302
2025-07-21,32.866168313552286
2025-07-22,31.784523117469384
2025-07-23,36.704069174259295
2025-07-24,41.318070543762104
2025-07-25,33.10907102299098
2025-07-26,7.722143808738957
2025-07-27,10.827443616997389
2025-07-28,20.757735573818216
2025-07-29,18.3870625365964
2025-07-30,22.815884418911786
2025-07-31,11.793569810206215
2025-08-01,30.48600527728557
2025-08-02,20.95644181919721
2025-08-03,11.742259755356798
2025-08-04,10.15574990101901
2025-08-05,12.043213901413145
2025-08-06,11.534888214315105
2025-08-07,7.671615992913843
2025-08-08,24.21040833130766
2025-08-09,11.569054216585997
2025-08-10,16.415583383038044
2025-08-11,18.748302609250587
2025-08-12,17.502034358141575
2025-08-13,22.627450951556114
2025-08-14,143.31962889254783
2025-08-15,56.21578740912329
2025-08-16,32.27735880363115
2025-08-17,19.886813333515036
2025-08-18,21.686743180861786
2025-08-19,37.0518438754876
2025-08-20,25.97906527018819
2025-08-21,21.303593689298374
2025-08-22,49.37399709447465
2025-08-23,14.537262570222847
2025-08-24,25.215180188269787
2025-08-25,31.552377630377038
2025-08-26,26.732641539578573
2025-08-27,12.721319425056514
2025-08-28,12.25889397434908
2025-08-29,16.659863138744797
2025-08-30,8.591409210860215
2025-08-31,5.447617390097248
2025-09-01,20.23537167388482
2025-09-02,12.469884661857016
2025-09-03,8.042684876617171
2025-09-04,5.441357679333231
2025-09-05,8.358729902978201
2025-09-06,2.919590721241786
2025-09-07,3.8711337527085976
2025-09-08,9.666457924998152
2025-09-09,12.18355386978391
2025-09-10,8.17817602401393
2025-09-11,11.590321470101395
2025-09-12,7.462854707469846
2025-09-13,11.899907748119883
2025-09-14,7.214253547375542
2025-09-15,13.96800909921552
2025-09-16,5.645812572602285
2025-09-17,17.45184487805764
2025-09-18,12.181544578818986
2025-09-19,9.936306851746743
2025-09-20,5.111370963565761
2025-09-21,4.231525934253532
2025-09-22,34.894844174316304
2025-09-23,9.406987637219848
2025-09-24,9.228217105573858
2025-09-25,20.768411509421156
2025-09-26,16.47306549058341
2025-09-27,3.224744565679976
2025-09-28,4.793888576784124
2025-09-29,8.705644032194243
2025-09-30,6.899223799400082
2025-10-01,9.354160049318565
2025-10-02,7.998654002470641
2025-10-03,12.300970432440547
2025-10-04,5.061307039950315
2025-10-05,12.793348990277138
2025-10-06,10.831604017612827
2025-10-07,14.726791233527653
2025-10-08,11.37540769302404
2025-10-09,10.046177849520202
2025-10-10,51.96677915899063
2025-10-11,5568.083923975421
2025-10-12,45.93077239472396
2025-10-13,36.891797877064874
2025-10-14,33.2969797726696
2025-10-15,19.860061387861677
2025-10-16,32.98417758462414
2025-10-17,30.8006284591762
2025-10-18,9.035261539950628
2025-10-19,11.83648874879518
2025-10-20,13.327994607879784
2025-10-21,19.352932501011203
2025-10-22,17.748267609086938
2025-10-23,12.365134495622062
2025-10-24,7.168962585341631
2025-10-25,3.101250910880224
2025-10-26,4.916937271221961
2025-10-27,11.086307071142286
2025-10-28,15.75137485946198
2025-10-29,38.02160822994613
2025-10-30,23.768084728219225
2025-10-31,12.971047674228885
2025-11-01,5.592015635665858
2025-11-02,6.518394109785841
2025-11-03,32.97853876412817
2025-11-04,67.39871065291672
2025-11-05,30.790286823936235
2025-11-06,20.237342882122775
2025-11-07,33.18597006980774
2025-11-08,21.30432793596817
2025-11-09,14.711827717087573
2025-11-10,16.420591743253652
2025-11-11,20.631388336121475
2025-11-12,18.42314837991522
2025-11-13,24.181902101556787
2025-11-14,37.66488819912143
2025-11-15,16.419872196912205
2025-11-16,16.913227820918145
2025-11-17,42.143499037575864
2025-11-18,32.37105156898781
2025-11-19,26.664074254269554
2025-11-20,21.83187726773733
2025-11-21,77.82861362745628
2025-11-22,24.28002814836585
2025-11-23,15.44498913723986
2025-11-24,26.55003139962774
2025-11-25,16.23885522687963
2025-11-26,17.92953885228534
2025-11-27,8.99850119356284
2025-11-28,15.07432769710383
2025-11-29,6.873260697267317
2025-11-30,9.57215628450381
2025-12-01,29.157251107447323
2025-12-02,21.15100136945749
2025-12-03,23.20332681930325
2025-12-04,19.26113402246144
2025-12-05,15.117294879156441
2025-12-06,7.289475347146446
2025-12-07,16.63824997485058
2025-12-08,19.28404015025713
2025-12-09,26.3029619672952
2025-12-10,20.534765782911983
2025-12-11,19.61268027229628
2025-12-12,17.03213951306227
2025-12-13,4.373810868195929
2025-12-14,7.632896587952796
2025-12-15,19.237628080649138
2025-12-16,13.41365657675118
2025-12-17,25.651310950920458
2025-12-18,27.35684788236546
2025-12-19,20.567553728063572
2025-12-20,3.9984080437207816
2025-12-21,8.066582797591487
2025-12-22,16.31537117038488
2025-12-23,12.523482300103984
2025-12-24,8.683921312765545
2025-12-25,8.7065212909408
2025-12-26,17.84403172031771
2025-12-27,6.35804146120473
2025-12-28,6.498715866407345
2025-12-29,14.83536536216795
2025-12-30,8.076596948621454
2025-12-31,8.597509632824293
2026-01-01,5.785420071237273
2026-01-02,17.75600094153022
2026-01-03,10.126136444733598
2026-01-04,12.64758694603747
2026-01-05,22.858413421064718
2026-01-06,28.32656623601033
2026-01-07,15.11073315355897
2026-01-08,15.11762699923805
2026-01-09,19.729821465238857
2026-01-10,3.8711705189698593
2026-01-11,6.270159372885458
2026-01-12,17.554930929865417
2026-01-13,12.23179663752192
2026-01-14,22.243751094549122
2026-01-15,16.473750275244537
2026-01-16,8.22025839798006
2026-01-17,4.743542716058647
2026-01-18,6.475922587607088
2026-01-19,26.037377524352795
2026-01-20,14.913410277064946
2026-01-21,30.153316995494812
2026-01-22,9.392161276822877
2026-01-23,12.592052433248515
2026-01-24,2.544057849813584
2026-01-25,9.862508716009208
2026-01-26,11.94788909210392
2026-01-27,10.332596881139127
2026-01-28,10.22829413142231
2026-01-29,13.88661352414335
2026-01-30,30.016733888356466
2026-01-31,30.234558888830104
2026-02-01,27.201149596464063
2026-02-02,59.67401262656636
2026-02-03,32.14995471600352
2026-02-04,33.06316371429952
2026-02-05,80.98101736987341
2026-02-06,107.71811455532766
2026-02-07,21.68983411104852
2026-02-08,12.559612367677442
2026-02-09,20.163676545982234
2026-02-10,11.828897710840007
2026-02-11,20.330041918409194
2026-02-12,18.139393522080372
2026-02-13,13.429107182744657
2026-02-14,14.106046228859512
2026-02-15,20.861698182411008
2026-02-16,20.039152085784714
2026-02-17,17.410119074574045
2026-02-18,12.718110777809514
2026-02-19,12.268277782254154
2026-02-20,28.406331523035906
2026-02-21,5.513783449942008
2026-02-22,4.634778822218486
2026-02-23,18.375290844678545
2026-02-24,12.55487866268071
2026-02-25,27.788882743683565
2026-02-26,27.244723562240512
2026-02-27,12.57044337355815
2026-02-28,32.31518282260853
2026-03-01,23.84236696949635
2026-03-02,26.137381575759605
2026-03-03,18.72613770637534
2026-03-04,25.783795909957174
2026-03-05,18.40311148927163
2026-03-06,11.768210986112358
2026-03-07,9.024551935151
2026-03-08,8.63728330207213
2026-03-09,22.274418036257625
2026-03-10,18.480747156089407
2026-03-11,13.854672087743731
2026-03-12,9.286600156643525
2026-03-13,18.584876667518866
2026-03-14,4.251493722368692
2026-03-15,7.694928659035679
2026-03-16,26.815950483498558
2026-03-17,15.542691094391893
2026-03-18,15.447493409187597
2026-03-19,10.224326679090538
2026-03-20,8.87198614646309
2026-03-21,2.2885950322475197
2026-03-22,11.3584533113298
2026-03-23,36.90581603550244
2026-03-24,11.195126123010695
2026-03-25,7.637275336249915
2026-03-26,7.8118099527693685
2026-03-27,9.226359854288162
2026-03-28,5.490513788218714
2026-03-29,5.642291244820934
2026-03-30,15.779008533770265
2026-03-31,13.846083331128332
2026-04-01,14.92219680120751
2026-04-02,13.84516649070982
2026-04-03,8.611149363259479
2026-04-04,4.0919590173426
2026-04-05,5.209594531839094
2026-04-06,11.9370072531263
2026-04-07,6.433401104222079
2026-04-08,16.977918233378535
2026-04-09,9.932175215963634
2026-04-10,7.637756402226582
2026-04-11,5.519001387539824
2026-04-12,7.383816287075373
2026-04-13,9.915829756589254
2026-04-14,13.17734497412012
2026-04-15,7.462555463477183
2026-04-16,17.728737264116443
2026-04-17,12.35157637404147
2026-04-18,7.992070399725294
2026-04-19,7.193774071850682
2026-04-20,9.960778439423867
2026-04-21,7.84365490268336
2026-04-22,6.645605651904091
2026-04-23,5.81638114254317
2026-04-24,4.807801314213757
2026-04-25,3.037890206465898
2026-04-26,2.6302294302053535
2026-04-27,7.284057691430556
2026-04-28,3.3264047240020704
2026-04-29,10.141527129001608
2026-04-30,4.505118403788075
2026-05-01,3.9695273484145983
2026-05-02,1.603252169012058
2026-05-03,2.5511848269615487
2026-05-04,8.267412755061544
2026-05-05,4.811618483541952
2026-05-06,11.170192910387504
2026-05-07,8.517517061049324
2026-05-08,6.1278548502555505
2026-05-09,6.109773384867563
2026-05-10,13.13393218098608
2026-05-11,11.940688138732517
2026-05-12,7.908045891402725
2026-05-13,7.416192945092671
2026-05-14,8.663712561975412
2026-05-15,8.037986933725747
2026-05-16,3.789309080767963
2026-05-17,2.746779320520673
2026-05-18,11.280813968314625
2026-05-19,4.666837268316559
2026-05-20,4.41509461709924
2026-05-21,6.676750032021392
2026-05-22,7.407215405041402
2026-05-23,8.8266820154271
2026-05-24,3.7265288684715845
2026-05-25,4.360980695001901
2026-05-26,6.802733023238319
2026-05-27,5.375163266585965
2026-05-28,11.549885227890334
2026-05-29,8.225163946453534
2026-05-30,4.348963187672812
2026-05-31,4.690375311929417
2026-06-01,7.917305706338458
2026-06-02,15.829934706408897
2026-06-03,20.818485687133737
2026-06-04,57.2861183650267
2026-06-05,90.3817590204184
2026-06-06,49.23530040879585
2026-06-07,23.262674807915552
2026-06-08,35.14134193048984
2026-06-09,28.360040127498852
2026-06-10,29.854979148442126
2026-06-11,22.687091400222982
2026-06-12,16.92577132438128
2026-06-13,8.691746387156892
2026-06-14,5.372706943687688
2026-06-15,42.14540797283762
2026-06-16,16.282570732756113
2026-06-17,24.52239349174194
2026-06-18,14.531804045683108
2026-06-19,11.343610280351244
2026-06-20,7.65216440512699
2026-06-21,5.767333731647937
2026-06-22,12.983429887824032
2026-06-23,13.997055207546797
2026-06-24,22.69291197531678
2026-06-25,29.565903105085106
2026-06-26,25.128005616598415
2026-06-27,7.22731091812855
2026-06-28,7.164740488639212
2026-06-29,17.732092935475467
2026-06-30,9.888690773688815
